-- MySQL dump 10.13  Distrib 8.0.43, for Win64 (x86_64)
--
-- Host: 127.0.0.1    Database: keki
-- ------------------------------------------------------
-- Server version	8.0.43
/*!40101 SET @OLD_CHARACTER_SET_CLIENT=@@CHARACTER_SET_CLIENT */;
/*!40101 SET @OLD_CHARACTER_SET_RESULTS=@@CHARACTER_SET_RESULTS */;
/*!40101 SET @OLD_COLLATION_CONNECTION=@@COLLATION_CONNECTION */;
/*!50503 SET NAMES utf8mb4 */;
/*!40103 SET @OLD_TIME_ZONE=@@TIME_ZONE */;
/*!40103 SET TIME_ZONE='+00:00' */;
/*!40014 SET @OLD_UNIQUE_CHECKS=@@UNIQUE_CHECKS, UNIQUE_CHECKS=0 */;
/*!40014 SET @OLD_FOREIGN_KEY_CHECKS=@@FOREIGN_KEY_CHECKS, FOREIGN_KEY_CHECKS=0 */;
/*!40101 SET @OLD_SQL_MODE=@@SQL_MODE, SQL_MODE='NO_AUTO_VALUE_ON_ZERO' */;
/*!40111 SET @OLD_SQL_NOTES=@@SQL_NOTES, SQL_NOTES=0 */;
--
-- Table structure for table `betting_rates`
--
DROP TABLE IF EXISTS `betting_rates`;
/*!40101 SET @saved_cs_client     = @@character_set_client */;
/*!50503 SET character_set_client = utf8mb4 */;
CREATE TABLE `betting_rates` (
  `id` bigint unsigned NOT NULL AUTO_INCREMENT,
  `customer_id` bigint unsigned DEFAULT NULL,
  `region` varchar(10) COLLATE utf8mb4_unicode_ci NOT NULL,
  `type_code` varchar(50) COLLATE utf8mb4_unicode_ci NOT NULL,
  `digits` tinyint unsigned DEFAULT NULL,
  `xien_size` tinyint unsigned DEFAULT NULL,
  `dai_count` tinyint unsigned DEFAULT NULL,
  `buy_rate` decimal(8,2) NOT NULL DEFAULT '0.00',
  `payout` decimal(12,2) NOT NULL DEFAULT '0.00',
  `is_active` tinyint(1) NOT NULL DEFAULT '1',
  `created_at` timestamp NULL DEFAULT NULL,
  `updated_at` timestamp NULL DEFAULT NULL,
  PRIMARY KEY (`id`),
  UNIQUE KEY `uniq_rate_key` (`customer_id`,`region`,`type_code`,`digits`,`xien_size`,`dai_count`),
  KEY `betting_rates_region_index` (`region`),
  KEY `betting_rates_type_code_index` (`type_code`),
  CONSTRAINT `betting_rates_customer_id_foreign` FOREIGN KEY (`customer_id`) REFERENCES `customers` (`id`) ON DELETE SET NULL
) ENGINE=InnoDB AUTO_INCREMENT=35 DEFAULT CHARSET=utf8mb4 COLLATE=utf8mb4_unicode_ci;
/*!40101 SET character_set_client = @saved_cs_client */;
--
-- Dumping data for table `betting_rates`
--
LOCK TABLES `betting_rates` WRITE;
/*!40000 ALTER TABLE `betting_rates` DISABLE KEYS */;
INSERT INTO `betting_rates` VALUES (1,NULL,'bac','de_dau',NULL,NULL,NULL,0.70,70.00,1,'2025-11-01 05:55:58','2025-11-01 05:55:58'),(2,NULL,'bac','de_duoi',NULL,NULL,NULL,0.70,70.00,1,'2025-11-01 05:55:58','2025-11-01 05:55:58'),(3,NULL,'bac','de_duoi_4',NULL,NULL,NULL,0.70,5000.00,1,'2025-11-01 05:55:58','2025-11-01 05:55:58'),(4,NULL,'bac','bao_lo',2,NULL,NULL,0.70,70.00,1,'2025-11-01 05:55:58','2025-11-01 05:55:58'),(5,NULL,'bac','bao_lo',3,NULL,NULL,0.70,600.00,1,'2025-11-01 05:55:58','2025-11-01 05:55:58'),(6,NULL,'bac','bao_lo',4,NULL,NULL,0.70,5000.00,1,'2025-11-01 05:55:58','2025-11-01 05:55:58'),(7,NULL,'bac','da_thang',NULL,NULL,NULL,0.70,600.00,1,'2025-11-01 05:55:58','2025-11-01 05:55:58'),(8,NULL,'bac','da_xien',NULL,NULL,2,0.70,600.00,1,'2025-11-01 05:55:58','2025-11-01 05:55:58'),(9,NULL,'bac','xien',NULL,2,NULL,0.56,10.00,1,'2025-11-01 05:55:58','2025-11-01 05:55:58'),(10,NULL,'bac','xien',NULL,3,NULL,0.56,40.00,1,'2025-11-01 05:55:58','2025-11-01 05:55:58'),(11,NULL,'bac','xien',NULL,4,NULL,0.56,100.00,1,'2025-11-01 05:55:58','2025-11-01 05:55:58'),(12,NULL,'bac','xiu_chu',NULL,NULL,NULL,0.70,600.00,1,'2025-11-01 05:55:58','2025-11-01 05:55:58'),(13,NULL,'trung','bao_lo',2,NULL,NULL,0.70,70.00,1,'2025-11-01 05:55:58','2025-11-01 05:55:58'),(14,NULL,'trung','bao_lo',3,NULL,NULL,0.70,600.00,1,'2025-11-01 05:55:58','2025-11-01 05:55:58'),(15,NULL,'trung','bao_lo',4,NULL,NULL,0.70,5000.00,1,'2025-11-01 05:55:58','2025-11-01 05:55:58'),(16,NULL,'trung','da_thang',NULL,NULL,NULL,0.70,600.00,1,'2025-11-01 05:55:58','2025-11-01 05:55:58'),(17,NULL,'trung','da_xien',NULL,NULL,2,0.70,600.00,1,'2025-11-01 05:55:58','2025-11-01 05:55:58'),(18,NULL,'trung','xien',NULL,2,NULL,0.56,10.00,1,'2025-11-01 05:55:58','2025-11-01 05:55:58'),(19,NULL,'trung','xien',NULL,3,NULL,0.56,10.00,1,'2025-11-01 05:55:58','2025-11-01 05:55:58'),(20,NULL,'trung','xien',NULL,4,NULL,0.56,10.00,1,'2025-11-01 05:55:58','2025-11-01 05:55:58'),(21,NULL,'trung','xiu_chu',NULL,NULL,NULL,0.70,600.00,1,'2025-11-01 05:55:58','2025-11-01 05:55:58'),(22,NULL,'trung','bay_lo',2,NULL,NULL,0.70,70.00,1,'2025-11-01 05:55:58','2025-11-01 05:55:58'),(23,NULL,'trung','bay_lo',3,NULL,NULL,0.70,650.00,1,'2025-11-01 05:55:58','2025-11-01 05:55:58'),(24,NULL,'nam','bao_lo',2,NULL,NULL,0.70,70.00,1,'2025-11-01 05:55:58','2025-11-01 05:55:58'),(25,NULL,'nam','bao_lo',3,NULL,NULL,0.70,600.00,1,'2025-11-01 05:55:58','2025-11-01 05:55:58'),(26,NULL,'nam','bao_lo',4,NULL,NULL,0.70,5000.00,1,'2025-11-01 05:55:58','2025-11-01 05:55:58'),(27,NULL,'nam','da_thang',NULL,NULL,NULL,0.70,600.00,1,'2025-11-01 05:55:58','2025-11-01 05:55:58'),(28,NULL,'nam','da_xien',NULL,NULL,2,0.70,600.00,1,'2025-11-01 05:55:58','2025-11-01 05:55:58'),(29,NULL,'nam','xien',NULL,2,NULL,0.56,10.00,1,'2025-11-01 05:55:58','2025-11-01 05:55:58'),(30,NULL,'nam','xien',NULL,3,NULL,0.56,10.00,1,'2025-11-01 05:55:58','2025-11-01 05:55:58'),(31,NULL,'nam','xien',NULL,4,NULL,0.56,10.00,1,'2025-11-01 05:55:58','2025-11-01 05:55:58'),(32,NULL,'nam','xiu_chu',NULL,NULL,NULL,0.70,600.00,1,'2025-11-01 05:55:58','2025-11-01 05:55:58'),(33,NULL,'nam','bay_lo',2,NULL,NULL,0.70,70.00,1,'2025-11-01 05:55:58','2025-11-01 05:55:58'),(34,NULL,'nam','bay_lo',3,NULL,NULL,0.70,650.00,1,'2025-11-01 05:55:58','2025-11-01 05:55:58');
/*!40000 ALTER TABLE `betting_rates` ENABLE KEYS */;
UNLOCK TABLES;
--
-- Table structure for table `betting_tickets`
--
DROP TABLE IF EXISTS `betting_tickets`;
/*!40101 SET @saved_cs_client     = @@character_set_client */;
/*!50503 SET character_set_client = utf8mb4 */;
CREATE TABLE `betting_tickets` (
  `id` bigint unsigned NOT NULL AUTO_INCREMENT,
  `user_id` bigint unsigned NOT NULL,
  `customer_id` bigint unsigned NOT NULL,
  `betting_type_id` bigint unsigned NOT NULL,
  `betting_date` date NOT NULL,
  `region` varchar(255) COLLATE utf8mb4_unicode_ci NOT NULL,
  `station` varchar(255) COLLATE utf8mb4_unicode_ci NOT NULL,
  `original_message` text COLLATE utf8mb4_unicode_ci NOT NULL,
  `parsed_message` text COLLATE utf8mb4_unicode_ci NOT NULL,
  `betting_data` json NOT NULL,
  `result` enum('win','lose','pending') COLLATE utf8mb4_unicode_ci NOT NULL DEFAULT 'pending',
  `bet_amount` decimal(15,2) NOT NULL,
  `win_amount` decimal(15,2) NOT NULL DEFAULT '0.00',
  `payout_amount` decimal(15,2) NOT NULL DEFAULT '0.00',
  `status` enum('active','completed','cancelled') COLLATE utf8mb4_unicode_ci NOT NULL DEFAULT 'active',
  `created_at` timestamp NULL DEFAULT NULL,
  `updated_at` timestamp NULL DEFAULT NULL,
  PRIMARY KEY (`id`),
  KEY `betting_tickets_betting_type_id_foreign` (`betting_type_id`),
  KEY `betting_tickets_user_id_betting_date_index` (`user_id`,`betting_date`),
  KEY `betting_tickets_customer_id_betting_date_index` (`customer_id`,`betting_date`),
  KEY `betting_tickets_betting_date_region_index` (`betting_date`,`region`),
  KEY `betting_tickets_result_status_index` (`result`,`status`),
  CONSTRAINT `betting_tickets_betting_type_id_foreign` FOREIGN KEY (`betting_type_id`) REFERENCES `betting_types` (`id`) ON DELETE CASCADE,
  CONSTRAINT `betting_tickets_customer_id_foreign` FOREIGN KEY (`customer_id`) REFERENCES `customers` (`id`) ON DELETE CASCADE,
  CONSTRAINT `betting_tickets_user_id_foreign` FOREIGN KEY (`user_id`) REFERENCES `users` (`id`) ON DELETE CASCADE
) ENGINE=InnoDB AUTO_INCREMENT=47 DEFAULT CHARSET=utf8mb4 COLLATE=utf8mb4_unicode_ci;
/*!40101 SET character_set_client = @saved_cs_client */;
--
-- Dumping data for table `betting_tickets`
--
LOCK TABLES `betting_tickets` WRITE;
/*!40000 ALTER TABLE `betting_tickets` DISABLE KEYS */;
INSERT INTO `betting_tickets` VALUES (1,2,1,6,'2025-11-02','nam','tien giang + kien giang','tg kg 08 51 12 dx 2n','tg kg 08 51 12 dx 2n','{\"meta\": {\"dai_count\": 2, \"station_mode\": \"across\", \"station_pairs\": [[\"tien giang\", \"kien giang\"]]}, \"numbers\": [\"08\", \"51\"], \"betting_type\": \"Đá Xéo\", \"total_cost_xac\": 141120, \"betting_type_code\": \"da_xien\"}','win',2000.00,2000.00,160000.00,'completed','2025-11-02 16:22:23','2025-11-02 16:22:27'),(2,2,1,6,'2025-11-02','nam','tien giang + kien giang','tg kg 08 51 12 dx 2n','tg kg 08 51 12 dx 2n','{\"meta\": {\"dai_count\": 2, \"station_mode\": \"across\", \"station_pairs\": [[\"tien giang\", \"kien giang\"]]}, \"numbers\": [\"08\", \"12\"], \"betting_type\": \"Đá Xéo\", \"total_cost_xac\": 141120, \"betting_type_code\": \"da_xien\"}','win',2000.00,2000.00,160000.00,'completed','2025-11-02 16:22:23','2025-11-02 16:22:27'),(3,2,1,6,'2025-11-02','nam','tien giang + kien giang','tg kg 08 51 12 dx 2n','tg kg 08 51 12 dx 2n','{\"meta\": {\"dai_count\": 2, \"station_mode\": \"across\", \"station_pairs\": [[\"tien giang\", \"kien giang\"]]}, \"numbers\": [\"51\", \"12\"], \"betting_type\": \"Đá Xéo\", \"total_cost_xac\": 141120, \"betting_type_code\": \"da_xien\"}','lose',2000.00,0.00,0.00,'completed','2025-11-02 16:22:23','2025-11-02 16:22:27'),(4,2,6,2,'2025-11-02','nam','tien giang','tg 19 28 18 293 lo 10n','tg 19 28 18 293 lo 10n','{\"meta\": {\"digits\": 2}, \"numbers\": [\"19\"], \"betting_type\": \"Bao Lô\", \"total_cost_xac\": 154800, \"betting_type_code\": \"bao_lo\"}','lose',10000.00,0.00,0.00,'completed','2025-11-02 16:35:07','2025-11-02 16:35:13'),(5,2,6,2,'2025-11-02','nam','tien giang','tg 19 28 18 293 lo 10n','tg 19 28 18 293 lo 10n','{\"meta\": {\"digits\": 2}, \"numbers\": [\"28\"], \"betting_type\": \"Bao Lô\", \"total_cost_xac\": 154800, \"betting_type_code\": \"bao_lo\"}','win',10000.00,10000.00,800000.00,'completed','2025-11-02 16:35:07','2025-11-02 16:35:13'),(6,2,6,2,'2025-11-02','nam','tien giang','tg 19 28 18 293 lo 10n','tg 19 28 18 293 lo 10n','{\"meta\": {\"digits\": 2}, \"numbers\": [\"18\"], \"betting_type\": \"Bao Lô\", \"total_cost_xac\": 154800, \"betting_type_code\": \"bao_lo\"}','lose',10000.00,0.00,0.00,'completed','2025-11-02 16:35:07','2025-11-02 16:35:13'),(7,2,6,2,'2025-11-02','nam','tien giang','tg 19 28 18 293 lo 10n','tg 19 28 18 293 lo 10n','{\"meta\": {\"digits\": 3}, \"numbers\": [\"293\"], \"betting_type\": \"Bao Lô\", \"total_cost_xac\": 141100, \"betting_type_code\": \"bao_lo\"}','lose',10000.00,0.00,0.00,'completed','2025-11-02 16:35:07','2025-11-02 16:35:13'),(8,2,26,2,'2025-11-02','nam','tien giang','12 lo 10n','12 lo 10n','{\"meta\": {\"digits\": 2}, \"numbers\": [\"12\"], \"betting_type\": \"Bao Lô\", \"total_cost_xac\": 126000, \"betting_type_code\": \"bao_lo\"}','lose',10000.00,0.00,0.00,'completed','2025-11-02 16:52:37','2025-11-02 16:52:42'),(9,2,25,2,'2025-11-02','nam','tien giang','51 lo 10n','51 lo 10n','{\"meta\": {\"digits\": 2}, \"numbers\": [\"51\"], \"betting_type\": \"Bao Lô\", \"total_cost_xac\": 126000, \"betting_type_code\": \"bao_lo\"}','lose',10000.00,0.00,0.00,'completed','2025-11-02 16:56:47','2025-11-02 16:57:03'),(10,2,25,2,'2025-11-02','nam','tien giang','08 lo 50n','08 lo 50n','{\"meta\": {\"digits\": 2}, \"numbers\": [\"08\"], \"betting_type\": \"Bao Lô\", \"total_cost_xac\": 630000, \"betting_type_code\": \"bao_lo\"}','win',50000.00,50000.00,3500000.00,'completed','2025-11-02 16:57:35','2025-11-02 16:57:44'),(11,2,4,2,'2025-11-02','nam','tien giang','17 29 21 lo 10n','17 29 21 lo 10n','{\"meta\": {\"digits\": 2}, \"numbers\": [\"17\"], \"betting_type\": \"Bao Lô\", \"total_cost_xac\": 163800, \"betting_type_code\": \"bao_lo\"}','lose',10000.00,0.00,0.00,'completed','2025-11-02 17:03:31','2025-11-02 17:03:39'),(12,2,4,2,'2025-11-02','nam','tien giang','17 29 21 lo 10n','17 29 21 lo 10n','{\"meta\": {\"digits\": 2}, \"numbers\": [\"29\"], \"betting_type\": \"Bao Lô\", \"total_cost_xac\": 163800, \"betting_type_code\": \"bao_lo\"}','lose',10000.00,0.00,0.00,'completed','2025-11-02 17:03:31','2025-11-02 17:03:39'),(13,2,4,2,'2025-11-02','nam','tien giang','17 29 21 lo 10n','17 29 21 lo 10n','{\"meta\": {\"digits\": 2}, \"numbers\": [\"21\"], \"betting_type\": \"Bao Lô\", \"total_cost_xac\": 163800, \"betting_type_code\": \"bao_lo\"}','lose',10000.00,0.00,0.00,'completed','2025-11-02 17:03:31','2025-11-02 17:03:39'),(14,2,1,5,'2025-11-02','nam','tien giang','29 19 dd 10n','29 19 dd 10n','{\"meta\": [], \"numbers\": [\"29\"], \"betting_type\": \"Đầu\", \"total_cost_xac\": 9800, \"betting_type_code\": \"dau\"}','lose',10000.00,0.00,0.00,'completed','2025-11-02 17:06:06','2025-11-02 17:09:06'),(15,2,1,9,'2025-11-02','nam','tien giang','29 19 dd 10n','29 19 dd 10n','{\"meta\": [], \"numbers\": [\"29\"], \"betting_type\": \"Đuôi\", \"total_cost_xac\": 9800, \"betting_type_code\": \"duoi\"}','lose',10000.00,0.00,0.00,'completed','2025-11-02 17:06:06','2025-11-02 17:09:06'),(16,2,1,5,'2025-11-02','nam','tien giang','29 19 dd 10n','29 19 dd 10n','{\"meta\": [], \"numbers\": [\"19\"], \"betting_type\": \"Đầu\", \"total_cost_xac\": 9800, \"betting_type_code\": \"dau\"}','lose',10000.00,0.00,0.00,'completed','2025-11-02 17:06:06','2025-11-02 17:09:06'),(17,2,1,9,'2025-11-02','nam','tien giang','29 19 dd 10n','29 19 dd 10n','{\"meta\": [], \"numbers\": [\"19\"], \"betting_type\": \"Đuôi\", \"total_cost_xac\": 9800, \"betting_type_code\": \"duoi\"}','lose',10000.00,0.00,0.00,'completed','2025-11-02 17:06:06','2025-11-02 17:09:06'),(18,2,4,2,'2025-11-02','nam','tien giang','12 lo 10n 28 19 290 128 2129 lo 1n','12 lo 10n 28 19 290 128 2129 lo 1n','{\"meta\": {\"digits\": 2}, \"numbers\": [\"12\"], \"betting_type\": \"Bao Lô\", \"total_cost_xac\": 16380, \"betting_type_code\": \"bao_lo\"}','lose',1000.00,0.00,0.00,'completed','2025-11-02 17:35:06','2025-11-02 17:35:22'),(19,2,4,2,'2025-11-02','nam','tien giang','12 lo 10n 28 19 290 128 2129 lo 1n','12 lo 10n 28 19 290 128 2129 lo 1n','{\"meta\": {\"digits\": 2}, \"numbers\": [\"28\"], \"betting_type\": \"Bao Lô\", \"total_cost_xac\": 16380, \"betting_type_code\": \"bao_lo\"}','win',1000.00,1000.00,80000.00,'completed','2025-11-02 17:35:06','2025-11-02 17:35:22'),(20,2,4,2,'2025-11-02','nam','tien giang','12 lo 10n 28 19 290 128 2129 lo 1n','12 lo 10n 28 19 290 128 2129 lo 1n','{\"meta\": {\"digits\": 2}, \"numbers\": [\"19\"], \"betting_type\": \"Bao Lô\", \"total_cost_xac\": 16380, \"betting_type_code\": \"bao_lo\"}','lose',1000.00,0.00,0.00,'completed','2025-11-02 17:35:06','2025-11-02 17:35:22'),(21,2,4,2,'2025-11-02','nam','tien giang','12 lo 10n 28 19 290 128 2129 lo 1n','12 lo 10n 28 19 290 128 2129 lo 1n','{\"meta\": {\"digits\": 3}, \"numbers\": [\"290\"], \"betting_type\": \"Bao Lô\", \"total_cost_xac\": 14960, \"betting_type_code\": \"bao_lo\"}','lose',1000.00,0.00,0.00,'completed','2025-11-02 17:35:06','2025-11-02 17:35:22'),(22,2,4,2,'2025-11-02','nam','tien giang','12 lo 10n 28 19 290 128 2129 lo 1n','12 lo 10n 28 19 290 128 2129 lo 1n','{\"meta\": {\"digits\": 3}, \"numbers\": [\"128\"], \"betting_type\": \"Bao Lô\", \"total_cost_xac\": 14960, \"betting_type_code\": \"bao_lo\"}','win',1000.00,1000.00,500000.00,'completed','2025-11-02 17:35:06','2025-11-02 17:35:22'),(23,2,4,2,'2025-11-02','nam','tien giang','12 lo 10n 28 19 290 128 2129 lo 1n','12 lo 10n 28 19 290 128 2129 lo 1n','{\"meta\": {\"digits\": 4}, \"numbers\": [\"2129\"], \"betting_type\": \"Bao Lô\", \"total_cost_xac\": 13760, \"betting_type_code\": \"bao_lo\"}','lose',1000.00,0.00,0.00,'completed','2025-11-02 17:35:06','2025-11-02 17:35:22'),(24,2,6,5,'2025-11-02','nam','tien giang','23 12 49 20 dd10n 293 120 lo 20n 20 29 dt 10n','23 12 49 20 dd10n 293 120 lo 20n 20 29 dt 10n','{\"meta\": [], \"numbers\": [\"23\"], \"betting_type\": \"Đầu\", \"total_cost_xac\": 8600, \"betting_type_code\": \"dau\"}','lose',10000.00,0.00,0.00,'completed','2025-11-02 18:01:17','2025-11-03 20:45:13'),(25,2,6,9,'2025-11-02','nam','tien giang','23 12 49 20 dd10n 293 120 lo 20n 20 29 dt 10n','23 12 49 20 dd10n 293 120 lo 20n 20 29 dt 10n','{\"meta\": [], \"numbers\": [\"23\"], \"betting_type\": \"Đuôi\", \"total_cost_xac\": 8600, \"betting_type_code\": \"duoi\"}','lose',10000.00,0.00,0.00,'completed','2025-11-02 18:01:17','2025-11-03 20:45:13'),(26,2,6,5,'2025-11-02','nam','tien giang','23 12 49 20 dd10n 293 120 lo 20n 20 29 dt 10n','23 12 49 20 dd10n 293 120 lo 20n 20 29 dt 10n','{\"meta\": [], \"numbers\": [\"12\"], \"betting_type\": \"Đầu\", \"total_cost_xac\": 8600, \"betting_type_code\": \"dau\"}','lose',10000.00,0.00,0.00,'completed','2025-11-02 18:01:17','2025-11-03 20:45:13'),(27,2,6,9,'2025-11-02','nam','tien giang','23 12 49 20 dd10n 293 120 lo 20n 20 29 dt 10n','23 12 49 20 dd10n 293 120 lo 20n 20 29 dt 10n','{\"meta\": [], \"numbers\": [\"12\"], \"betting_type\": \"Đuôi\", \"total_cost_xac\": 8600, \"betting_type_code\": \"duoi\"}','lose',10000.00,0.00,0.00,'completed','2025-11-02 18:01:17','2025-11-03 20:45:13'),(28,2,6,5,'2025-11-02','nam','tien giang','23 12 49 20 dd10n 293 120 lo 20n 20 29 dt 10n','23 12 49 20 dd10n 293 120 lo 20n 20 29 dt 10n','{\"meta\": [], \"numbers\": [\"49\"], \"betting_type\": \"Đầu\", \"total_cost_xac\": 8600, \"betting_type_code\": \"dau\"}','lose',10000.00,0.00,0.00,'completed','2025-11-02 18:01:17','2025-11-03 20:45:13'),(29,2,6,9,'2025-11-02','nam','tien giang','23 12 49 20 dd10n 293 120 lo 20n 20 29 dt 10n','23 12 49 20 dd10n 293 120 lo 20n 20 29 dt 10n','{\"meta\": [], \"numbers\": [\"49\"], \"betting_type\": \"Đuôi\", \"total_cost_xac\": 8600, \"betting_type_code\": \"duoi\"}','lose',10000.00,0.00,0.00,'completed','2025-11-02 18:01:17','2025-11-03 20:45:13'),(30,2,6,5,'2025-11-02','nam','tien giang','23 12 49 20 dd10n 293 120 lo 20n 20 29 dt 10n','23 12 49 20 dd10n 293 120 lo 20n 20 29 dt 10n','{\"meta\": [], \"numbers\": [\"20\"], \"betting_type\": \"Đầu\", \"total_cost_xac\": 8600, \"betting_type_code\": \"dau\"}','lose',10000.00,0.00,0.00,'completed','2025-11-02 18:01:17','2025-11-03 20:45:13'),(31,2,6,9,'2025-11-02','nam','tien giang','23 12 49 20 dd10n 293 120 lo 20n 20 29 dt 10n','23 12 49 20 dd10n 293 120 lo 20n 20 29 dt 10n','{\"meta\": [], \"numbers\": [\"20\"], \"betting_type\": \"Đuôi\", \"total_cost_xac\": 8600, \"betting_type_code\": \"duoi\"}','lose',10000.00,0.00,0.00,'completed','2025-11-02 18:01:17','2025-11-03 20:45:13'),(32,2,6,2,'2025-11-02','nam','tien giang','23 12 49 20 dd10n 293 120 lo 20n 20 29 dt 10n','23 12 49 20 dd10n 293 120 lo 20n 20 29 dt 10n','{\"meta\": {\"digits\": 3}, \"numbers\": [\"293\"], \"betting_type\": \"Bao Lô\", \"total_cost_xac\": 282200, \"betting_type_code\": \"bao_lo\"}','lose',20000.00,0.00,0.00,'completed','2025-11-02 18:01:17','2025-11-03 20:45:13'),(33,2,6,2,'2025-11-02','nam','tien giang','23 12 49 20 dd10n 293 120 lo 20n 20 29 dt 10n','23 12 49 20 dd10n 293 120 lo 20n 20 29 dt 10n','{\"meta\": {\"digits\": 3}, \"numbers\": [\"120\"], \"betting_type\": \"Bao Lô\", \"total_cost_xac\": 282200, \"betting_type_code\": \"bao_lo\"}','lose',20000.00,0.00,0.00,'completed','2025-11-02 18:01:17','2025-11-03 20:45:13'),(34,2,6,2,'2025-11-02','nam','tien giang','23 12 49 20 dd10n 293 120 lo 20n 20 29 dt 10n','23 12 49 20 dd10n 293 120 lo 20n 20 29 dt 10n','{\"meta\": {\"digits\": 2}, \"numbers\": [\"20\"], \"betting_type\": \"Bao Lô\", \"total_cost_xac\": 309600, \"betting_type_code\": \"bao_lo\"}','lose',20000.00,0.00,0.00,'completed','2025-11-02 18:01:17','2025-11-03 20:45:13'),(35,2,6,2,'2025-11-02','nam','tien giang','23 12 49 20 dd10n 293 120 lo 20n 20 29 dt 10n','23 12 49 20 dd10n 293 120 lo 20n 20 29 dt 10n','{\"meta\": {\"digits\": 2}, \"numbers\": [\"29\"], \"betting_type\": \"Bao Lô\", \"total_cost_xac\": 309600, \"betting_type_code\": \"bao_lo\"}','lose',20000.00,0.00,0.00,'completed','2025-11-02 18:01:17','2025-11-03 20:45:13'),(36,2,1,5,'2025-11-02','nam','tien giang','23 12 49 20 dd10n 293 120 lo 20n 20 29 dt 10n','23 12 49 20 dd10n 293 120 lo 20n 20 29 dt 10n','{\"meta\": {\"_ctx_stations_snapshot\": []}, \"numbers\": [\"23\"], \"betting_type\": \"Đầu\", \"total_cost_xac\": 9800, \"betting_type_code\": \"dau\"}','lose',10000.00,0.00,0.00,'completed','2025-11-03 20:44:18','2025-11-03 20:45:13'),(37,2,1,9,'2025-11-02','nam','tien giang','23 12 49 20 dd10n 293 120 lo 20n 20 29 dt 10n','23 12 49 20 dd10n 293 120 lo 20n 20 29 dt 10n','{\"meta\": {\"_ctx_stations_snapshot\": []}, \"numbers\": [\"23\"], \"betting_type\": \"Đuôi\", \"total_cost_xac\": 9800, \"betting_type_code\": \"duoi\"}','lose',10000.00,0.00,0.00,'completed','2025-11-03 20:44:18','2025-11-03 20:45:13'),(38,2,1,5,'2025-11-02','nam','tien giang','23 12 49 20 dd10n 293 120 lo 20n 20 29 dt 10n','23 12 49 20 dd10n 293 120 lo 20n 20 29 dt 10n','{\"meta\": {\"_ctx_stations_snapshot\": []}, \"numbers\": [\"12\"], \"betting_type\": \"Đầu\", \"total_cost_xac\": 9800, \"betting_type_code\": \"dau\"}','lose',10000.00,0.00,0.00,'completed','2025-11-03 20:44:18','2025-11-03 20:45:13'),(39,2,1,9,'2025-11-02','nam','tien giang','23 12 49 20 dd10n 293 120 lo 20n 20 29 dt 10n','23 12 49 20 dd10n 293 120 lo 20n 20 29 dt 10n','{\"meta\": {\"_ctx_stations_snapshot\": []}, \"numbers\": [\"12\"], \"betting_type\": \"Đuôi\", \"total_cost_xac\": 9800, \"betting_type_code\": \"duoi\"}','lose',10000.00,0.00,0.00,'completed','2025-11-03 20:44:18','2025-11-03 20:45:13'),(40,2,1,5,'2025-11-02','nam','tien giang','23 12 49 20 dd10n 293 120 lo 20n 20 29 dt 10n','23 12 49 20 dd10n 293 120 lo 20n 20 29 dt 10n','{\"meta\": {\"_ctx_stations_snapshot\": []}, \"numbers\": [\"49\"], \"betting_type\": \"Đầu\", \"total_cost_xac\": 9800, \"betting_type_code\": \"dau\"}','lose',10000.00,0.00,0.00,'completed','2025-11-03 20:44:18','2025-11-03 20:45:13'),(41,2,1,9,'2025-11-02','nam','tien giang','23 12 49 20 dd10n 293 120 lo 20n 20 29 dt 10n','23 12 49 20 dd10n 293 120 lo 20n 20 29 dt 10n','{\"meta\": {\"_ctx_stations_snapshot\": []}, \"numbers\": [\"49\"], \"betting_type\": \"Đuôi\", \"total_cost_xac\": 9800, \"betting_type_code\": \"duoi\"}','lose',10000.00,0.00,0.00,'completed','2025-11-03 20:44:18','2025-11-03 20:45:14'),(42,2,1,5,'2025-11-02','nam','tien giang','23 12 49 20 dd10n 293 120 lo 20n 20 29 dt 10n','23 12 49 20 dd10n 293 120 lo 20n 20 29 dt 10n','{\"meta\": {\"_ctx_stations_snapshot\": []}, \"numbers\": [\"20\"], \"betting_type\": \"Đầu\", \"total_cost_xac\": 9800, \"betting_type_code\": \"dau\"}','lose',10000.00,0.00,0.00,'completed','2025-11-03 20:44:18','2025-11-03 20:45:14'),(43,2,1,9,'2025-11-02','nam','tien giang','23 12 49 20 dd10n 293 120 lo 20n 20 29 dt 10n','23 12 49 20 dd10n 293 120 lo 20n 20 29 dt 10n','{\"meta\": {\"_ctx_stations_snapshot\": []}, \"numbers\": [\"20\"], \"betting_type\": \"Đuôi\", \"total_cost_xac\": 9800, \"betting_type_code\": \"duoi\"}','lose',10000.00,0.00,0.00,'completed','2025-11-03 20:44:18','2025-11-03 20:45:14'),(44,2,1,2,'2025-11-02','nam','tien giang','23 12 49 20 dd10n 293 120 lo 20n 20 29 dt 10n','23 12 49 20 dd10n 293 120 lo 20n 20 29 dt 10n','{\"meta\": {\"digits\": 3, \"_ctx_stations_snapshot\": []}, \"numbers\": [\"293\"], \"betting_type\": \"Bao Lô\", \"total_cost_xac\": 323000, \"betting_type_code\": \"bao_lo\"}','lose',20000.00,0.00,0.00,'completed','2025-11-03 20:44:18','2025-11-03 20:45:14'),(45,2,1,2,'2025-11-02','nam','tien giang','23 12 49 20 dd10n 293 120 lo 20n 20 29 dt 10n','23 12 49 20 dd10n 293 120 lo 20n 20 29 dt 10n','{\"meta\": {\"digits\": 3, \"_ctx_stations_snapshot\": []}, \"numbers\": [\"120\"], \"betting_type\": \"Bao Lô\", \"total_cost_xac\": 323000, \"betting_type_code\": \"bao_lo\"}','lose',20000.00,0.00,0.00,'completed','2025-11-03 20:44:18','2025-11-03 20:45:14'),(46,2,1,4,'2025-11-02','nam','tien giang','23 12 49 20 dd10n 293 120 lo 20n 20 29 dt 10n','23 12 49 20 dd10n 293 120 lo 20n 20 29 dt 10n','{\"meta\": [], \"numbers\": [\"20\", \"29\"], \"betting_type\": \"Đá Thẳng\", \"total_cost_xac\": 352800, \"betting_type_code\": \"da_thang\"}','lose',10000.00,0.00,0.00,'completed','2025-11-03 20:44:18','2025-11-03 20:45:14');
/*!40000 ALTER TABLE `betting_tickets` ENABLE KEYS */;
UNLOCK TABLES;
--
-- Table structure for table `betting_types`
--
DROP TABLE IF EXISTS `betting_types`;
/*!40101 SET @saved_cs_client     = @@character_set_client */;
/*!50503 SET character_set_client = utf8mb4 */;
CREATE TABLE `betting_types` (
  `id` bigint unsigned NOT NULL AUTO_INCREMENT,
  `name` varchar(255) COLLATE utf8mb4_unicode_ci NOT NULL,
  `code` varchar(255) COLLATE utf8mb4_unicode_ci NOT NULL,
  `syntaxes` json NOT NULL,
  `description` text COLLATE utf8mb4_unicode_ci,
  `is_active` tinyint(1) NOT NULL DEFAULT '1',
  `sort_order` int NOT NULL DEFAULT '0',
  `created_at` timestamp NULL DEFAULT NULL,
  `updated_at` timestamp NULL DEFAULT NULL,
  PRIMARY KEY (`id`),
  UNIQUE KEY `betting_types_code_unique` (`code`),
  KEY `betting_types_is_active_sort_order_index` (`is_active`,`sort_order`)
) ENGINE=InnoDB AUTO_INCREMENT=78 DEFAULT CHARSET=utf8mb4 COLLATE=utf8mb4_unicode_ci;
/*!40101 SET character_set_client = @saved_cs_client */;
--
-- Dumping data for table `betting_types`
--
LOCK TABLES `betting_types` WRITE;
/*!40000 ALTER TABLE `betting_types` DISABLE KEYS */;
INSERT INTO `betting_types` VALUES (1,'Bao Lô Đảo','bao_lo_dao','[\"baod\", \"baodao\", \"baold\", \"baoldao\", \"baolod\", \"baolodao\", \"bd\", \"bdao\", \"bld\", \"bldao\", \"blod\", \"blodao\", \"ld\", \"ldao\", \"lod\", \"lodao\", \"lo dao\", \"daolo\", \"dao lo\"]','Bao lô đảo - cược tất cả các số đảo ngược',1,1,'2025-11-01 05:55:57','2025-11-01 05:55:57'),(2,'Bao Lô','bao_lo','[\"b\", \"bao\", \"baol\", \"baolo\", \"bl\", \"blo\", \"s\", \"bao lo\"]','Bao lô - cược tất cả các số',1,2,'2025-11-01 05:55:57','2025-11-01 05:55:57'),(3,'Lô','lo','[\"lo\"]','Lô - cược số đơn',1,3,'2025-11-01 05:55:57','2025-11-01 05:55:57'),(4,'Đá Thẳng','da_thang','[\"da\", \"dat\", \"dathang\", \"da thang\", \"dadoc\", \"da doc\", \"dthang\", \"dadao\", \"da dao\"]','Đá thẳng - cược 2 số thẳng',1,4,'2025-11-01 05:55:57','2025-11-01 05:55:57'),(5,'Đầu','dau','[\"d\", \"dau\"]','Đầu - cược số đầu',1,5,'2025-11-01 05:55:57','2025-11-01 05:55:57'),(6,'Đá Xéo','da_xien','[\"dac\", \"dax\", \"dx\", \"daxeo\", \"dacheo\", \"da xeo\", \"da cheo\", \"dxeo\"]','Đá xéo - cược 2 số chéo',1,6,'2025-11-01 05:55:57','2025-11-01 05:55:57'),(7,'Số Cặp','so_cap','[\"socap\"]','Số cặp - 00 11 22 33 44 55 66 77 88 99',1,7,'2025-11-01 05:55:57','2025-11-01 05:55:57'),(8,'Đầu Đuôi','dau_duoi','[\"dc\", \"dd\", \"d d\", \"dauduoi\", \"daudui\", \"dau duoi\", \"dau dui\", \"daucuoi\"]','Đầu đuôi - cược đầu và đuôi',1,8,'2025-11-01 05:55:57','2025-11-01 05:55:57'),(9,'Đuôi','duoi','[\"c\", \"db\", \"de\", \"du\", \"dui\", \"duoi\"]','Đuôi - cược số đuôi',1,9,'2025-11-01 05:55:57','2025-11-01 05:55:57'),(10,'Đuôi Đảo','duoi_dao','[\"cd\", \"cdao\", \"daoc\", \"daodb\", \"daode\", \"daodu\", \"daodui\", \"daoduoi\", \"dbd\", \"dbdao\", \"ddb\", \"dde\", \"ddu\", \"ddui\", \"dduoi\", \"dec\", \"ded\", \"dedao\", \"dud\", \"dudao\", \"duid\", \"duidao\", \"duoid\", \"duoidao\"]','Đuôi đảo - cược đuôi đảo ngược',1,10,'2025-11-01 05:55:57','2025-11-01 05:55:57'),(11,'Xiên 3','xien_3','[\"ba\", \"xa\", \"xba\", \"x3\", \"xien3\", \"xn3\", \"xi3\"]','Xiên 3 - cược 3 số xiên',1,11,'2025-11-01 05:55:57','2025-11-01 05:55:57'),(12,'Xiên 4','xien_4','[\"xbo\", \"xo\", \"x4\", \"xien4\", \"xn4\", \"xi4\"]','Xiên 4 - cược 4 số xiên',1,12,'2025-11-01 05:55:57','2025-11-01 05:55:57'),(13,'Kéo Hàng Ngàn','keo_hang_ngan','[\"kng\", \"keongan\", \"keohangngan\", \"kngan\"]','Kéo hàng ngàn',1,13,'2025-11-01 05:55:57','2025-11-01 05:55:57'),(14,'Kéo Hàng Trăm','keo_hang_tram','[\"ktr\", \"keotram\", \"keohangtram\", \"ktram\"]','Kéo hàng trăm',1,14,'2025-11-01 05:55:57','2025-11-01 05:55:57'),(15,'Kéo Hàng Chục','keo_hang_chuc','[\"kch\", \"keochuc\", \"keohangchuc\", \"kchuc\"]','Kéo hàng chục',1,15,'2025-11-01 05:55:57','2025-11-01 05:55:57'),(16,'Xỉu Chủ','xiu_chu','[\"Sc\", \"xc\", \"xchu\", \"xiuchu\"]','Xỉu chủ',1,16,'2025-11-01 05:55:57','2025-11-01 05:55:57'),(17,'Xỉu Chủ Cặp','xiu_chu_cap','[\"xccap\", \"xiuchucap\", \"xchucap\"]','Xỉu chủ cặp - 000 111 222 333 444 555 666 777 888 999',1,17,'2025-11-01 05:55:57','2025-11-01 05:55:57'),(18,'Xỉu Chủ Đảo','xiu_chu_dao','[\"daodd\", \"daoxc\", \"ddd\", \"dddao\", \"dxc\", \"xcd\", \"xcdao\", \"xiuchudao\", \"xchudao\"]','Xỉu chủ đảo',1,18,'2025-11-01 05:55:57','2025-11-01 05:55:57'),(19,'Xỉu Chủ Đầu','xiu_chu_dau','[\"xcdau\", \"xiuchudau\", \"xchudau\"]','Xỉu chủ đầu',1,19,'2025-11-01 05:55:57','2025-11-01 05:55:57'),(20,'Xỉu Chủ Đầu Đảo','xiu_chu_dau_dao','[\"xcdaodau\", \"xcdaud\", \"xcdaudao\", \"xcddau\", \"xiuchudaudao\", \"xchudaudao\", \"daudao\", \"xcdadao\", \"daodau\", \"xchudaodau\", \"xiuchudaodau\"]','Xỉu chủ đầu đảo',1,20,'2025-11-01 05:55:57','2025-11-01 05:55:57'),(21,'Xỉu Chủ Đuôi','xiu_chu_duoi','[\"xcc\", \"xcdb\", \"xcde\", \"xcdu\", \"xcdui\", \"xcduoi\", \"xiuchudui\", \"xchuduoi\", \"xchudui\", \"xiuchuduoi\"]','Xỉu chủ đuôi',1,21,'2025-11-01 05:55:57','2025-11-01 05:55:57'),(22,'Xỉu Chủ Đuôi Đảo','xiu_chu_duoi_dao','[\"xcdaoc\", \"xcdaodb\", \"xcdaode\", \"xcdaodu\", \"xcdaodui\", \"xcdaoduoi\", \"xcdbdao\", \"xcdc\", \"xcdde\", \"xcddu\", \"xcddui\", \"xcdduoi\", \"xcded\", \"xcdedao\", \"xcdud\", \"xcdudao\", \"xcduid\", \"xcduidao\", \"xcduoid\", \"xcduoidao\", \"xiuchuduoidao\", \"xiuchuduidao\", \"xiuchudaoduoi\", \"xiuchudaodui\", \"xchuduoidao\", \"xchuduidao\", \"xchudaoduoi\"]','Xỉu chủ đuôi đảo',1,22,'2025-11-01 05:55:57','2025-11-01 05:55:57'),(23,'Xiên Đảo','xien_dao','[\"daox\", \"daoxi\", \"daoxien\", \"daoxin\", \"dxi\", \"dxien\", \"dxin\", \"xd\", \"xdao\", \"xid\", \"xidao\", \"xiend\", \"xiendao\", \"xind\", \"xindao\", \"xndao\"]','Xiên đảo',1,23,'2025-11-01 05:55:57','2025-11-01 05:55:57'),(24,'Xiên 2','xien_2','[\"x\", \"xi\", \"xien\", \"xin\", \"xien2\", \"xn\"]','Xiên 2 - cược 2 số xiên',1,24,'2025-11-01 05:55:57','2025-11-01 05:55:57'),(25,'Nhỏ Chẵn','nho_chan','[\"nhochan\"]','Nhỏ chẵn - 00 02 04 06 08 10 12 14 16 18 20 22 24 26 28 30 32 34 36 38 40 42 44 46 48',1,25,'2025-11-01 05:55:57','2025-11-01 05:55:57'),(26,'Nhỏ Lẻ','nho_le','[\"nhole\"]','Nhỏ lẻ - 01 03 05 07 09 11 13 15 17 19 21 23 25 27 29 31 33 35 37 39 41 43 45 47 49',1,26,'2025-11-01 05:55:57','2025-11-01 05:55:57'),(27,'Lớn Chẵn','lon_chan','[\"lonchan\"]','Lớn chẵn - 50 52 54 56 58 60 62 64 66 68 70 72 74 76 78 80 82 84 86 88 90 92 94 96 98',1,27,'2025-11-01 05:55:57','2025-11-01 05:55:57'),(28,'Lớn Lẻ','lon_le','[\"lonle\"]','Lớn lẻ - 51 53 55 57 59 61 63 65 67 69 71 73 75 77 79 81 83 85 87 89 91 93 95 97 99',1,28,'2025-11-01 05:55:57','2025-11-01 05:55:57'),(29,'Chục Chẵn Tổng Lớn','chuc_chan_tong_lon','[\"chucchantonglon\"]','Chục chẵn tổng lớn - 05 06 07 08 09 23 24 25 26 27 41 42 43 44 45 60 61 62 63 69 80 81 87 88 89',1,29,'2025-11-01 05:55:57','2025-11-01 05:55:57'),(30,'Chục Chẵn Tổng Nhỏ','chuc_chan_tong_nho','[\"chucchantongnho\"]','Chục chẵn tổng nhỏ - 00 01 02 03 04 20 21 22 28 29 40 46 47 48 49 64 65 66 67 68 82 83 84 85 86',1,30,'2025-11-01 05:55:57','2025-11-01 05:55:57'),(31,'Chục Lẻ Tổng Lớn','chuc_le_tong_lon','[\"chucletonglon\"]','Chục lẻ tổng lớn - 14 15 16 17 18 32 33 34 35 36 50 51 52 53 54 70 71 72 78 79 90 96 97 98 99',1,31,'2025-11-01 05:55:57','2025-11-01 05:55:57'),(32,'Chục Lẻ Tổng Nhỏ','chuc_le_tong_nho','[\"chucletongnho\"]','Chục lẻ tổng nhỏ - 10 11 12 13 19 30 31 37 38 39 55 56 57 58 59 73 74 75 76 77 91 92 93 94 95',1,32,'2025-11-01 05:55:57','2025-11-01 05:55:57'),(33,'Chẵn Lớn','chan_lon','[\"chanlon\"]','Chẵn lớn - 05 06 07 08 09 25 26 27 28 29 45 46 47 48 49 65 66 67 68 69 85 86 87 88 89',1,33,'2025-11-01 05:55:57','2025-11-01 05:55:57'),(34,'Chẵn Nhỏ','chan_nho','[\"channho\"]','Chẵn nhỏ - 00 01 02 03 04 20 21 22 23 24 40 41 42 43 44 60 61 62 63 64 80 81 82 83 84',1,34,'2025-11-01 05:55:57','2025-11-01 05:55:57'),(35,'Lẻ Lớn','le_lon','[\"lelon\"]','Lẻ lớn - 15 16 17 18 19 35 36 37 38 39 55 56 57 58 59 75 76 77 78 79 95 96 97 98 99',1,35,'2025-11-01 05:55:57','2025-11-01 05:55:57'),(36,'Lẻ Nhỏ','le_nho','[\"lenho\"]','Lẻ nhỏ - 10 11 12 13 14 30 31 32 33 34 50 51 52 53 54 70 71 72 73 74 90 91 92 93 94',1,36,'2025-11-01 05:55:57','2025-11-01 05:55:57'),(37,'Lớn Lớn','lon_lon','[\"lonlon\"]','Lớn lớn - 55 56 57 58 59 65 66 67 68 69 75 76 77 78 79 85 86 87 88 89 95 96 97 98 99',1,37,'2025-11-01 05:55:57','2025-11-01 05:55:57'),(38,'Lớn Nhỏ','lon_nho','[\"lonnho\"]','Lớn nhỏ - 50 51 52 53 54 60 61 62 63 64 70 71 72 73 74 80 81 82 83 84 90 91 92 93 94',1,38,'2025-11-01 05:55:57','2025-11-01 05:55:57'),(39,'Nhỏ Lớn','nho_lon','[\"nholon\"]','Nhỏ lớn - 05 06 07 08 09 15 16 17 18 19 25 26 27 28 29 35 36 37 38 39 45 46 47 48 49',1,39,'2025-11-01 05:55:57','2025-11-01 05:55:57'),(40,'Nhỏ Nhỏ','nho_nho','[\"nhonho\"]','Nhỏ nhỏ - 00 01 02 03 04 10 11 12 13 14 20 21 22 23 24 30 31 32 33 34 40 41 42 43 44',1,40,'2025-11-01 05:55:57','2025-11-01 05:55:57'),(41,'Chục Lớn Tổng Lớn','chuc_lon_tong_lon','[\"chuclontonglon\"]','Chục lớn tổng lớn - 50 51 52 53 54 60 61 62 63 69 70 71 72 78 79 80 81 87 88 89 90 96 97 98 99',1,41,'2025-11-01 05:55:57','2025-11-01 05:55:57'),(42,'Chục Lớn Tổng Nhỏ','chuc_lon_tong_nho','[\"chuclontongnho\"]','Chục lớn tổng nhỏ - 55 56 57 58 59 64 65 66 67 68 73 74 75 76 77 82 83 84 85 86 91 92 93 94 95',1,42,'2025-11-01 05:55:57','2025-11-01 05:55:57'),(43,'Chục Nhỏ Tổng Lớn','chuc_nho_tong_lon','[\"chucnhotonglon\"]','Chục nhỏ tổng lớn - 05 06 07 08 09 14 15 16 17 18 23 24 25 26 27 32 33 34 35 36 41 42 43 44 45',1,43,'2025-11-01 05:55:57','2025-11-01 05:55:57'),(44,'Chục Nhỏ Tổng Nhỏ','chuc_nho_tong_nho','[\"chucnhotongnho\"]','Chục nhỏ tổng nhỏ - 00 01 02 03 04 10 11 12 13 19 20 21 22 28 29 30 31 37 38 39 40 46 47 48 49',1,44,'2025-11-01 05:55:57','2025-11-01 05:55:57'),(45,'Giáp','giap','[\"giap\", \"congiap\"]','Giáp - 06 07 09 10 11 12 14 15 18 23 26 28 32 35 46 47 49 50 51 52 54 55 58 63 66 68 72 75 86 87 89 90 91 92 94 95 98',1,45,'2025-11-01 05:55:57','2025-11-01 05:55:57'),(46,'Không Giáp','khong_giap','[\"kogiap\", \"khonggiap\", \"khongcongiap\", \"kgiap\"]','Không giáp - tất cả số còn lại',1,46,'2025-11-01 05:55:57','2025-11-01 05:55:57'),(47,'Chẵn Lẻ','chan_le','[\"chanle\"]','Chẵn lẻ - 01 03 05 07 09 21 23 25 27 29 41 43 45 47 49 61 63 65 67 69 81 83 85 87 89',1,47,'2025-11-01 05:55:57','2025-11-01 05:55:57'),(48,'Lẻ Chẵn','le_chan','[\"lechan\"]','Lẻ chẵn - 10 12 14 16 18 30 32 34 36 38 50 52 54 56 58 70 72 74 76 78 90 92 94 96 98',1,48,'2025-11-01 05:55:57','2025-11-01 05:55:57'),(49,'Chẵn Chẵn','chan_chan','[\"chanchan\"]','Chẵn chẵn - 00 02 04 06 08 20 22 24 26 28 40 42 44 46 48 60 62 64 66 68 80 82 84 86 88',1,49,'2025-11-01 05:55:57','2025-11-01 05:55:57'),(50,'Lẻ Lẻ','le_le','[\"lele\"]','Lẻ lẻ - 11 13 15 17 19 31 33 35 37 39 51 53 55 57 59 71 73 75 77 79 91 93 95 97 99',1,50,'2025-11-01 05:55:57','2025-11-01 05:55:57'),(51,'Chục Chẵn','chuc_chan','[\"chucchan\"]','Chục chẵn - 00 01 02 03 04 05 06 07 08 09 20 21 22 23 24 25 26 27 28 29 40 41 42 43 44 45 46 47 48 49 60 61 62 63 64 65 66 67 68 69 80 81 82 83 84 85 86 87 88 89',1,51,'2025-11-01 05:55:57','2025-11-01 05:55:57'),(52,'Chục Lẻ','chuc_le','[\"chucle\"]','Chục lẻ - 10 11 12 13 14 15 16 17 18 19 30 31 32 33 34 35 36 37 38 39 50 51 52 53 54 55 56 57 58 59 70 71 72 73 74 75 76 77 78 79 90 91 92 93 94 95 96 97 98 99',1,52,'2025-11-01 05:55:57','2025-11-01 05:55:57'),(53,'Đơn Vị Chẵn','don_vi_chan','[\"dvichan\", \"donvichan\", \"ditchan\"]','Đơn vị chẵn - 00 02 04 06 08 10 12 14 16 18 20 22 24 26 28 30 32 34 36 38 40 42 44 46 48 50 52 54 56 58 60 62 64 66 68 70 72 74 76 78 80 82 84 86 88 90 92 94 96 98',1,53,'2025-11-01 05:55:57','2025-11-01 05:55:57'),(54,'Đơn Vị Lẻ','don_vi_le','[\"dvile\", \"donvile\", \"ditle\"]','Đơn vị lẻ - 01 03 05 07 09 11 13 15 17 19 21 23 25 27 29 31 33 35 37 39 41 43 45 47 49 51 53 55 57 59 61 63 65 67 69 71 73 75 77 79 81 83 85 87 89 91 93 95 97 99',1,54,'2025-11-01 05:55:57','2025-11-01 05:55:57'),(55,'Đơn Vị Xỉu','don_vi_xiu','[\"dvixiu\", \"donvixiu\"]','Đơn vị xỉu - 00 01 02 03 04 10 11 12 13 14 20 21 22 23 24 30 31 32 33 34 40 41 42 43 44 50 51 52 53 54 60 61 62 63 64 70 71 72 73 74 80 81 82 83 84 90 91 92 93 94',1,55,'2025-11-01 05:55:57','2025-11-01 05:55:57'),(56,'Đơn Vị Tài','don_vi_tai','[\"dvitai\", \"donvitai\"]','Đơn vị tài - 05 06 07 08 09 15 16 17 18 19 25 26 27 28 29 35 36 37 38 39 45 46 47 48 49 55 56 57 58 59 65 66 67 68 69 75 76 77 78 79 85 86 87 88 89 95 96 97 98 99',1,56,'2025-11-01 05:55:57','2025-11-01 05:55:57'),(57,'Tổng 0','tong_0','[\"tong0\"]','Tổng 0 - 00 19 91 28 82 37 73 46 64 55',1,57,'2025-11-01 05:55:57','2025-11-01 05:55:57'),(58,'Tổng 1','tong_1','[\"tong1\"]','Tổng 1 - 01 10 29 92 38 83 47 74 56 65',1,58,'2025-11-01 05:55:57','2025-11-01 05:55:57'),(59,'Tổng 2','tong_2','[\"tong2\"]','Tổng 2 - 02 20 39 93 48 84 57 75 66 11',1,59,'2025-11-01 05:55:57','2025-11-01 05:55:57'),(60,'Tổng 3','tong_3','[\"tong3\"]','Tổng 3 - 03 30 49 94 12 21 76 67 85 58',1,60,'2025-11-01 05:55:57','2025-11-01 05:55:57'),(61,'Tổng 4','tong_4','[\"tong4\"]','Tổng 4 - 04 40 95 59 68 86 77 22 13 31',1,61,'2025-11-01 05:55:57','2025-11-01 05:55:57'),(62,'Tổng 5','tong_5','[\"tong5\"]','Tổng 5 - 05 50 14 41 23 32 78 87 96 69',1,62,'2025-11-01 05:55:57','2025-11-01 05:55:57'),(63,'Tổng 6','tong_6','[\"tong6\"]','Tổng 6 - 15 51 24 42 33 60 06 79 97 88',1,63,'2025-11-01 05:55:57','2025-11-01 05:55:57'),(64,'Tổng 7','tong_7','[\"tong7\"]','Tổng 7 - 07 70 16 61 25 52 34 43 89 98',1,64,'2025-11-01 05:55:57','2025-11-01 05:55:57'),(65,'Tổng 8','tong_8','[\"tong8\"]','Tổng 8 - 08 80 17 71 26 62 35 53 44 99',1,65,'2025-11-01 05:55:57','2025-11-01 05:55:57'),(66,'Tổng 9','tong_9','[\"tong9\"]','Tổng 9 - 09 90 18 81 27 72 36 63 45 54',1,66,'2025-11-01 05:55:57','2025-11-01 05:55:57'),(67,'Xỉu','xiu','[\"xiu\"]','Xỉu - 00 01 02 03 04 05 06 07 08 09 10 11 12 13 14 15 16 17 18 19 20 21 22 23 24 25 26 27 28 29 30 31 32 33 34 35 36 37 38 39 40 41 42 43 44 45 46 47 48 49',1,67,'2025-11-01 05:55:57','2025-11-01 05:55:57'),(68,'Tài','tai','[\"tai\"]','Tài - 50 51 52 53 54 55 56 57 58 59 60 61 62 63 64 65 66 67 68 69 70 71 72 73 74 75 76 77 78 79 80 81 82 83 84 85 86 87 88 89 90 91 92 93 94 95 96 97 98 99',1,68,'2025-11-01 05:55:57','2025-11-01 05:55:57'),(69,'Tổng Chẵn','tong_chan','[\"tongchan\"]','Tổng chẵn - 00 02 04 06 08 11 13 15 17 19 20 22 24 26 28 31 33 35 37 39 40 42 44 46 48 51 53 55 57 59 60 62 64 66 68 71 73 75 77 79 80 82 84 86 88 91 93 95 97 99',1,69,'2025-11-01 05:55:57','2025-11-01 05:55:57'),(70,'Tổng Lẻ','tong_le','[\"tongle\"]','Tổng lẻ - 01 03 05 07 09 10 12 14 16 18 21 23 25 27 29 30 32 34 36 38 41 43 45 47 49 50 52 54 56 58 61 63 65 67 69 70 72 74 76 78 81 83 85 87 89 90 92 94 96 98',1,70,'2025-11-01 05:55:57','2025-11-01 05:55:57'),(71,'Số Cặp','so_cap_2','[\"socap\", \"scap\"]','Số cặp - 00 11 22 33 44 55 66 77 88 99',1,71,'2025-11-01 05:55:57','2025-11-01 05:55:57'),(72,'Kéo Hàng Đơn Vị','keo_hang_don_vi','[\"keo\", \"kdv\", \"keodonvi\", \"keohangdonvi\", \"kdonvi\", \"kdvi\", \"den\", \"k\"]','Kéo hàng đơn vị',1,72,'2025-11-01 05:55:57','2025-11-01 05:55:57'),(73,'Hàng Chục','hang_chuc','[\"hang\", \"chuc\"]','Hàng chục',1,73,'2025-11-01 05:55:57','2025-11-01 05:55:57'),(74,'Đít Đơn Vị','dit_don_vi','[\"dit\", \"dvi\", \"donvi\"]','Đít đơn vị',1,74,'2025-11-01 05:55:57','2025-11-01 05:55:57'),(75,'Kế Đầu','ke_dau','[\"kdau\", \"ka\", \"kea\", \"kedau\"]','Kế đầu',1,75,'2025-11-01 05:55:57','2025-11-01 05:55:57'),(76,'Kế Đuôi','ke_duoi','[\"kdui\", \"kb\", \"keb\", \"kduoi\", \"keduoi\", \"kedui\"]','Kế đuôi',1,76,'2025-11-01 05:55:57','2025-11-01 05:55:57'),(77,'Kế Đầu Đuôi','ke_dau_duoi','[\"kedauduoi\", \"kedaudui\", \"kdauduoi\", \"kdaudui\", \"kddui\", \"kab\", \"keab\"]','Kế đầu đuôi',1,77,'2025-11-01 05:55:57','2025-11-01 05:55:57');
/*!40000 ALTER TABLE `betting_types` ENABLE KEYS */;
UNLOCK TABLES;
--
-- Table structure for table `cache`
--
DROP TABLE IF EXISTS `cache`;
/*!40101 SET @saved_cs_client     = @@character_set_client */;
/*!50503 SET character_set_client = utf8mb4 */;
CREATE TABLE `cache` (
  `key` varchar(255) COLLATE utf8mb4_unicode_ci NOT NULL,
  `value` mediumtext COLLATE utf8mb4_unicode_ci NOT NULL,
  `expiration` int NOT NULL,
  PRIMARY KEY (`key`)
) ENGINE=InnoDB DEFAULT CHARSET=utf8mb4 COLLATE=utf8mb4_unicode_ci;
/*!40101 SET character_set_client = @saved_cs_client */;
--
-- Dumping data for table `cache`
--
LOCK TABLES `cache` WRITE;
/*!40000 ALTER TABLE `cache` DISABLE KEYS */;
/*!40000 ALTER TABLE `cache` ENABLE KEYS */;
UNLOCK TABLES;
--
-- Table structure for table `cache_locks`
--
DROP TABLE IF EXISTS `cache_locks`;
/*!40101 SET @saved_cs_client     = @@character_set_client */;
/*!50503 SET character_set_client = utf8mb4 */;
CREATE TABLE `cache_locks` (
  `key` varchar(255) COLLATE utf8mb4_unicode_ci NOT NULL,
  `owner` varchar(255) COLLATE utf8mb4_unicode_ci NOT NULL,
  `expiration` int NOT NULL,
  PRIMARY KEY (`key`)
) ENGINE=InnoDB DEFAULT CHARSET=utf8mb4 COLLATE=utf8mb4_unicode_ci;
/*!40101 SET character_set_client = @saved_cs_client */;
--
-- Dumping data for table `cache_locks`
--
LOCK TABLES `cache_locks` WRITE;
/*!40000 ALTER TABLE `cache_locks` DISABLE KEYS */;
/*!40000 ALTER TABLE `cache_locks` ENABLE KEYS */;
UNLOCK TABLES;
--
-- Table structure for table `customers`
--
DROP TABLE IF EXISTS `customers`;
/*!40101 SET @saved_cs_client     = @@character_set_client */;
/*!50503 SET character_set_client = utf8mb4 */;
CREATE TABLE `customers` (
  `id` bigint unsigned NOT NULL AUTO_INCREMENT,
  `user_id` bigint unsigned NOT NULL,
  `name` varchar(255) COLLATE utf8mb4_unicode_ci NOT NULL,
  `phone` varchar(255) COLLATE utf8mb4_unicode_ci NOT NULL,
  `betting_rates` json DEFAULT NULL,
  `total_win_amount` decimal(15,2) NOT NULL DEFAULT '0.00',
  `total_lose_amount` decimal(15,2) NOT NULL DEFAULT '0.00',
  `daily_win_amount` decimal(15,2) NOT NULL DEFAULT '0.00',
  `daily_lose_amount` decimal(15,2) NOT NULL DEFAULT '0.00',
  `monthly_win_amount` decimal(15,2) NOT NULL DEFAULT '0.00',
  `monthly_lose_amount` decimal(15,2) NOT NULL DEFAULT '0.00',
  `yearly_win_amount` decimal(15,2) NOT NULL DEFAULT '0.00',
  `yearly_lose_amount` decimal(15,2) NOT NULL DEFAULT '0.00',
  `is_active` tinyint(1) NOT NULL DEFAULT '1',
  `created_at` timestamp NULL DEFAULT NULL,
  `updated_at` timestamp NULL DEFAULT NULL,
  PRIMARY KEY (`id`),
  UNIQUE KEY `customers_phone_unique` (`phone`),
  KEY `customers_user_id_is_active_index` (`user_id`,`is_active`),
  CONSTRAINT `customers_user_id_foreign` FOREIGN KEY (`user_id`) REFERENCES `users` (`id`) ON DELETE CASCADE
) ENGINE=InnoDB AUTO_INCREMENT=27 DEFAULT CHARSET=utf8mb4 COLLATE=utf8mb4_unicode_ci;
/*!40101 SET character_set_client = @saved_cs_client */;
--
-- Dumping data for table `customers`
--
LOCK TABLES `customers` WRITE;
/*!40000 ALTER TABLE `customers` DISABLE KEYS */;
INSERT INTO `customers` VALUES (1,2,'Khương Uy','0868564445','{\"bac:dau\": {\"payout\": 70, \"buy_rate\": 0.96}, \"nam:dau\": {\"payout\": 70, \"buy_rate\": 0.98}, \"bac:duoi\": {\"payout\": 70, \"buy_rate\": 0.96}, \"nam:duoi\": {\"payout\": 70, \"buy_rate\": 0.98}, \"trung:dau\": {\"payout\": 70, \"buy_rate\": 0.97}, \"trung:duoi\": {\"payout\": 70, \"buy_rate\": 0.97}, \"bac:xien:x2\": {\"payout\": 15, \"buy_rate\": 0.96}, \"bac:xien:x3\": {\"payout\": 550, \"buy_rate\": 0.94}, \"bac:xien:x4\": {\"payout\": 3500, \"buy_rate\": 0.92}, \"bac:xiu_chu\": {\"payout\": 35, \"buy_rate\": 0.96}, \"nam:xiu_chu\": {\"payout\": 35, \"buy_rate\": 0.98}, \"bac:da_thang\": {\"payout\": 80, \"buy_rate\": 0.96}, \"bac:dau_duoi\": {\"payout\": 70, \"buy_rate\": 0.96}, \"nam:da_thang\": {\"payout\": 80, \"buy_rate\": 0.98}, \"nam:dau_duoi\": {\"payout\": 70, \"buy_rate\": 0.98}, \"bac:bao_lo:d2\": {\"payout\": 80, \"buy_rate\": 0.96}, \"bac:bao_lo:d3\": {\"payout\": 500, \"buy_rate\": 0.93}, \"bac:bao_lo:d4\": {\"payout\": 3000, \"buy_rate\": 0.91}, \"nam:bao_lo:d2\": {\"payout\": 80, \"buy_rate\": 0.98}, \"nam:bao_lo:d3\": {\"payout\": 500, \"buy_rate\": 0.95}, \"nam:bao_lo:d4\": {\"payout\": 3000, \"buy_rate\": 0.93}, \"trung:xiu_chu\": {\"payout\": 35, \"buy_rate\": 0.97}, \"bac:da_xien:c2\": {\"payout\": 80, \"buy_rate\": 0.96}, \"bac:da_xien:c3\": {\"payout\": 80, \"buy_rate\": 0.94}, \"bac:da_xien:c4\": {\"payout\": 80, \"buy_rate\": 0.93}, \"nam:da_xien:c2\": {\"payout\": 80, \"buy_rate\": 0.98}, \"nam:da_xien:c3\": {\"payout\": 80, \"buy_rate\": 0.96}, \"nam:da_xien:c4\": {\"payout\": 80, \"buy_rate\": 0.95}, \"trung:da_thang\": {\"payout\": 80, \"buy_rate\": 0.97}, \"trung:dau_duoi\": {\"payout\": 70, \"buy_rate\": 0.97}, \"bac:xiu_chu_dau\": {\"payout\": 35, \"buy_rate\": 0.96}, \"nam:xiu_chu_dau\": {\"payout\": 35, \"buy_rate\": 0.98}, \"trung:bao_lo:d2\": {\"payout\": 80, \"buy_rate\": 0.97}, \"trung:bao_lo:d3\": {\"payout\": 500, \"buy_rate\": 0.94}, \"trung:bao_lo:d4\": {\"payout\": 3000, \"buy_rate\": 0.92}, \"bac:xiu_chu_duoi\": {\"payout\": 35, \"buy_rate\": 0.96}, \"nam:xiu_chu_duoi\": {\"payout\": 35, \"buy_rate\": 0.98}, \"trung:da_xien:c2\": {\"payout\": 80, \"buy_rate\": 0.97}, \"trung:da_xien:c3\": {\"payout\": 80, \"buy_rate\": 0.95}, \"trung:da_xien:c4\": {\"payout\": 80, \"buy_rate\": 0.94}, \"trung:xiu_chu_dau\": {\"payout\": 35, \"buy_rate\": 0.97}, \"trung:xiu_chu_duoi\": {\"payout\": 35, \"buy_rate\": 0.97}}',4160000.00,2104240.00,4160000.00,2104240.00,0.00,0.00,0.00,0.00,1,'2025-11-01 05:56:00','2025-11-03 20:45:14'),(2,2,'Cụ. Tiếp Thiếu Trân','0763068886','{\"bac:dau\": {\"payout\": 70, \"buy_rate\": 0.91}, \"nam:dau\": {\"payout\": 70, \"buy_rate\": 1}, \"bac:duoi\": {\"payout\": 70, \"buy_rate\": 0.91}, \"nam:duoi\": {\"payout\": 70, \"buy_rate\": 1}, \"trung:dau\": {\"payout\": 70, \"buy_rate\": 0.85}, \"trung:duoi\": {\"payout\": 70, \"buy_rate\": 0.85}, \"bac:xien:x2\": {\"payout\": 15, \"buy_rate\": 0.91}, \"bac:xien:x3\": {\"payout\": 550, \"buy_rate\": 0.89}, \"bac:xien:x4\": {\"payout\": 3500, \"buy_rate\": 0.87}, \"bac:xiu_chu\": {\"payout\": 35, \"buy_rate\": 0.91}, \"nam:xiu_chu\": {\"payout\": 35, \"buy_rate\": 1}, \"bac:da_thang\": {\"payout\": 80, \"buy_rate\": 0.91}, \"bac:dau_duoi\": {\"payout\": 70, \"buy_rate\": 0.91}, \"nam:da_thang\": {\"payout\": 80, \"buy_rate\": 1}, \"nam:dau_duoi\": {\"payout\": 70, \"buy_rate\": 1}, \"bac:bao_lo:d2\": {\"payout\": 80, \"buy_rate\": 0.91}, \"bac:bao_lo:d3\": {\"payout\": 500, \"buy_rate\": 0.88}, \"bac:bao_lo:d4\": {\"payout\": 3000, \"buy_rate\": 0.86}, \"nam:bao_lo:d2\": {\"payout\": 80, \"buy_rate\": 1}, \"nam:bao_lo:d3\": {\"payout\": 500, \"buy_rate\": 0.97}, \"nam:bao_lo:d4\": {\"payout\": 3000, \"buy_rate\": 0.95}, \"trung:xiu_chu\": {\"payout\": 35, \"buy_rate\": 0.85}, \"bac:da_xien:c2\": {\"payout\": 80, \"buy_rate\": 0.91}, \"bac:da_xien:c3\": {\"payout\": 80, \"buy_rate\": 0.89}, \"bac:da_xien:c4\": {\"payout\": 80, \"buy_rate\": 0.88}, \"nam:da_xien:c2\": {\"payout\": 80, \"buy_rate\": 1}, \"nam:da_xien:c3\": {\"payout\": 80, \"buy_rate\": 0.98}, \"nam:da_xien:c4\": {\"payout\": 80, \"buy_rate\": 0.97}, \"trung:da_thang\": {\"payout\": 80, \"buy_rate\": 0.85}, \"trung:dau_duoi\": {\"payout\": 70, \"buy_rate\": 0.85}, \"bac:xiu_chu_dau\": {\"payout\": 35, \"buy_rate\": 0.91}, \"nam:xiu_chu_dau\": {\"payout\": 35, \"buy_rate\": 1}, \"trung:bao_lo:d2\": {\"payout\": 80, \"buy_rate\": 0.85}, \"trung:bao_lo:d3\": {\"payout\": 500, \"buy_rate\": 0.82}, \"trung:bao_lo:d4\": {\"payout\": 3000, \"buy_rate\": 0.7999999999999999}, \"bac:xiu_chu_duoi\": {\"payout\": 35, \"buy_rate\": 0.91}, \"nam:xiu_chu_duoi\": {\"payout\": 35, \"buy_rate\": 1}, \"trung:da_xien:c2\": {\"payout\": 80, \"buy_rate\": 0.85}, \"trung:da_xien:c3\": {\"payout\": 80, \"buy_rate\": 0.83}, \"trung:da_xien:c4\": {\"payout\": 80, \"buy_rate\": 0.82}, \"trung:xiu_chu_dau\": {\"payout\": 35, \"buy_rate\": 0.85}, \"trung:xiu_chu_duoi\": {\"payout\": 35, \"buy_rate\": 0.85}}',0.00,0.00,0.00,0.00,0.00,0.00,0.00,0.00,0,'2025-11-01 05:56:00','2025-11-01 05:56:00'),(3,2,'Thi Nghĩa','0767213848','{\"bac:dau\": {\"payout\": 70, \"buy_rate\": 0.88}, \"nam:dau\": {\"payout\": 70, \"buy_rate\": 0.89}, \"bac:duoi\": {\"payout\": 70, \"buy_rate\": 0.88}, \"nam:duoi\": {\"payout\": 70, \"buy_rate\": 0.89}, \"trung:dau\": {\"payout\": 70, \"buy_rate\": 0.99}, \"trung:duoi\": {\"payout\": 70, \"buy_rate\": 0.99}, \"bac:xien:x2\": {\"payout\": 15, \"buy_rate\": 0.88}, \"bac:xien:x3\": {\"payout\": 550, \"buy_rate\": 0.86}, \"bac:xien:x4\": {\"payout\": 3500, \"buy_rate\": 0.84}, \"bac:xiu_chu\": {\"payout\": 35, \"buy_rate\": 0.88}, \"nam:xiu_chu\": {\"payout\": 35, \"buy_rate\": 0.89}, \"bac:da_thang\": {\"payout\": 80, \"buy_rate\": 0.88}, \"bac:dau_duoi\": {\"payout\": 70, \"buy_rate\": 0.88}, \"nam:da_thang\": {\"payout\": 80, \"buy_rate\": 0.89}, \"nam:dau_duoi\": {\"payout\": 70, \"buy_rate\": 0.89}, \"bac:bao_lo:d2\": {\"payout\": 80, \"buy_rate\": 0.88}, \"bac:bao_lo:d3\": {\"payout\": 500, \"buy_rate\": 0.85}, \"bac:bao_lo:d4\": {\"payout\": 3000, \"buy_rate\": 0.83}, \"nam:bao_lo:d2\": {\"payout\": 80, \"buy_rate\": 0.89}, \"nam:bao_lo:d3\": {\"payout\": 500, \"buy_rate\": 0.86}, \"nam:bao_lo:d4\": {\"payout\": 3000, \"buy_rate\": 0.84}, \"trung:xiu_chu\": {\"payout\": 35, \"buy_rate\": 0.99}, \"bac:da_xien:c2\": {\"payout\": 80, \"buy_rate\": 0.88}, \"bac:da_xien:c3\": {\"payout\": 80, \"buy_rate\": 0.86}, \"bac:da_xien:c4\": {\"payout\": 80, \"buy_rate\": 0.85}, \"nam:da_xien:c2\": {\"payout\": 80, \"buy_rate\": 0.89}, \"nam:da_xien:c3\": {\"payout\": 80, \"buy_rate\": 0.87}, \"nam:da_xien:c4\": {\"payout\": 80, \"buy_rate\": 0.86}, \"trung:da_thang\": {\"payout\": 80, \"buy_rate\": 0.99}, \"trung:dau_duoi\": {\"payout\": 70, \"buy_rate\": 0.99}, \"bac:xiu_chu_dau\": {\"payout\": 35, \"buy_rate\": 0.88}, \"nam:xiu_chu_dau\": {\"payout\": 35, \"buy_rate\": 0.89}, \"trung:bao_lo:d2\": {\"payout\": 80, \"buy_rate\": 0.99}, \"trung:bao_lo:d3\": {\"payout\": 500, \"buy_rate\": 0.96}, \"trung:bao_lo:d4\": {\"payout\": 3000, \"buy_rate\": 0.94}, \"bac:xiu_chu_duoi\": {\"payout\": 35, \"buy_rate\": 0.88}, \"nam:xiu_chu_duoi\": {\"payout\": 35, \"buy_rate\": 0.89}, \"trung:da_xien:c2\": {\"payout\": 80, \"buy_rate\": 0.99}, \"trung:da_xien:c3\": {\"payout\": 80, \"buy_rate\": 0.97}, \"trung:da_xien:c4\": {\"payout\": 80, \"buy_rate\": 0.96}, \"trung:xiu_chu_dau\": {\"payout\": 35, \"buy_rate\": 0.99}, \"trung:xiu_chu_duoi\": {\"payout\": 35, \"buy_rate\": 0.99}}',0.00,0.00,0.00,0.00,0.00,0.00,0.00,0.00,0,'2025-11-01 05:56:00','2025-11-01 05:56:00'),(4,2,'Bác. Nhậm Từ','0908632253','{\"bac:dau\": {\"payout\": 70, \"buy_rate\": 0.87}, \"nam:dau\": {\"payout\": 70, \"buy_rate\": 0.91}, \"bac:duoi\": {\"payout\": 70, \"buy_rate\": 0.87}, \"nam:duoi\": {\"payout\": 70, \"buy_rate\": 0.91}, \"trung:dau\": {\"payout\": 70, \"buy_rate\": 0.91}, \"trung:duoi\": {\"payout\": 70, \"buy_rate\": 0.91}, \"bac:xien:x2\": {\"payout\": 15, \"buy_rate\": 0.87}, \"bac:xien:x3\": {\"payout\": 550, \"buy_rate\": 0.85}, \"bac:xien:x4\": {\"payout\": 3500, \"buy_rate\": 0.83}, \"bac:xiu_chu\": {\"payout\": 35, \"buy_rate\": 0.87}, \"nam:xiu_chu\": {\"payout\": 35, \"buy_rate\": 0.91}, \"bac:da_thang\": {\"payout\": 80, \"buy_rate\": 0.87}, \"bac:dau_duoi\": {\"payout\": 70, \"buy_rate\": 0.87}, \"nam:da_thang\": {\"payout\": 80, \"buy_rate\": 0.91}, \"nam:dau_duoi\": {\"payout\": 70, \"buy_rate\": 0.91}, \"bac:bao_lo:d2\": {\"payout\": 80, \"buy_rate\": 0.87}, \"bac:bao_lo:d3\": {\"payout\": 500, \"buy_rate\": 0.84}, \"bac:bao_lo:d4\": {\"payout\": 3000, \"buy_rate\": 0.82}, \"nam:bao_lo:d2\": {\"payout\": 80, \"buy_rate\": 0.91}, \"nam:bao_lo:d3\": {\"payout\": 500, \"buy_rate\": 0.88}, \"nam:bao_lo:d4\": {\"payout\": 3000, \"buy_rate\": 0.86}, \"trung:xiu_chu\": {\"payout\": 35, \"buy_rate\": 0.91}, \"bac:da_xien:c2\": {\"payout\": 80, \"buy_rate\": 0.87}, \"bac:da_xien:c3\": {\"payout\": 80, \"buy_rate\": 0.85}, \"bac:da_xien:c4\": {\"payout\": 80, \"buy_rate\": 0.84}, \"nam:da_xien:c2\": {\"payout\": 80, \"buy_rate\": 0.91}, \"nam:da_xien:c3\": {\"payout\": 80, \"buy_rate\": 0.89}, \"nam:da_xien:c4\": {\"payout\": 80, \"buy_rate\": 0.88}, \"trung:da_thang\": {\"payout\": 80, \"buy_rate\": 0.91}, \"trung:dau_duoi\": {\"payout\": 70, \"buy_rate\": 0.91}, \"bac:xiu_chu_dau\": {\"payout\": 35, \"buy_rate\": 0.87}, \"nam:xiu_chu_dau\": {\"payout\": 35, \"buy_rate\": 0.91}, \"trung:bao_lo:d2\": {\"payout\": 80, \"buy_rate\": 0.91}, \"trung:bao_lo:d3\": {\"payout\": 500, \"buy_rate\": 0.88}, \"trung:bao_lo:d4\": {\"payout\": 3000, \"buy_rate\": 0.86}, \"bac:xiu_chu_duoi\": {\"payout\": 35, \"buy_rate\": 0.87}, \"nam:xiu_chu_duoi\": {\"payout\": 35, \"buy_rate\": 0.91}, \"trung:da_xien:c2\": {\"payout\": 80, \"buy_rate\": 0.91}, \"trung:da_xien:c3\": {\"payout\": 80, \"buy_rate\": 0.89}, \"trung:da_xien:c4\": {\"payout\": 80, \"buy_rate\": 0.88}, \"trung:xiu_chu_dau\": {\"payout\": 35, \"buy_rate\": 0.91}, \"trung:xiu_chu_duoi\": {\"payout\": 35, \"buy_rate\": 0.91}}',1380000.00,584220.00,1380000.00,584220.00,0.00,0.00,0.00,0.00,1,'2025-11-01 05:56:00','2025-11-02 17:35:22'),(5,2,'Ông. Trác Chiến Triết','0834633428','{\"bac:dau\": {\"payout\": 70, \"buy_rate\": 0.86}, \"nam:dau\": {\"payout\": 70, \"buy_rate\": 0.98}, \"bac:duoi\": {\"payout\": 70, \"buy_rate\": 0.86}, \"nam:duoi\": {\"payout\": 70, \"buy_rate\": 0.98}, \"trung:dau\": {\"payout\": 70, \"buy_rate\": 0.9}, \"trung:duoi\": {\"payout\": 70, \"buy_rate\": 0.9}, \"bac:xien:x2\": {\"payout\": 15, \"buy_rate\": 0.86}, \"bac:xien:x3\": {\"payout\": 550, \"buy_rate\": 0.84}, \"bac:xien:x4\": {\"payout\": 3500, \"buy_rate\": 0.82}, \"bac:xiu_chu\": {\"payout\": 35, \"buy_rate\": 0.86}, \"nam:xiu_chu\": {\"payout\": 35, \"buy_rate\": 0.98}, \"bac:da_thang\": {\"payout\": 80, \"buy_rate\": 0.86}, \"bac:dau_duoi\": {\"payout\": 70, \"buy_rate\": 0.86}, \"nam:da_thang\": {\"payout\": 80, \"buy_rate\": 0.98}, \"nam:dau_duoi\": {\"payout\": 70, \"buy_rate\": 0.98}, \"bac:bao_lo:d2\": {\"payout\": 80, \"buy_rate\": 0.86}, \"bac:bao_lo:d3\": {\"payout\": 500, \"buy_rate\": 0.83}, \"bac:bao_lo:d4\": {\"payout\": 3000, \"buy_rate\": 0.8099999999999999}, \"nam:bao_lo:d2\": {\"payout\": 80, \"buy_rate\": 0.98}, \"nam:bao_lo:d3\": {\"payout\": 500, \"buy_rate\": 0.95}, \"nam:bao_lo:d4\": {\"payout\": 3000, \"buy_rate\": 0.93}, \"trung:xiu_chu\": {\"payout\": 35, \"buy_rate\": 0.9}, \"bac:da_xien:c2\": {\"payout\": 80, \"buy_rate\": 0.86}, \"bac:da_xien:c3\": {\"payout\": 80, \"buy_rate\": 0.84}, \"bac:da_xien:c4\": {\"payout\": 80, \"buy_rate\": 0.83}, \"nam:da_xien:c2\": {\"payout\": 80, \"buy_rate\": 0.98}, \"nam:da_xien:c3\": {\"payout\": 80, \"buy_rate\": 0.96}, \"nam:da_xien:c4\": {\"payout\": 80, \"buy_rate\": 0.95}, \"trung:da_thang\": {\"payout\": 80, \"buy_rate\": 0.9}, \"trung:dau_duoi\": {\"payout\": 70, \"buy_rate\": 0.9}, \"bac:xiu_chu_dau\": {\"payout\": 35, \"buy_rate\": 0.86}, \"nam:xiu_chu_dau\": {\"payout\": 35, \"buy_rate\": 0.98}, \"trung:bao_lo:d2\": {\"payout\": 80, \"buy_rate\": 0.9}, \"trung:bao_lo:d3\": {\"payout\": 500, \"buy_rate\": 0.87}, \"trung:bao_lo:d4\": {\"payout\": 3000, \"buy_rate\": 0.85}, \"bac:xiu_chu_duoi\": {\"payout\": 35, \"buy_rate\": 0.86}, \"nam:xiu_chu_duoi\": {\"payout\": 35, \"buy_rate\": 0.98}, \"trung:da_xien:c2\": {\"payout\": 80, \"buy_rate\": 0.9}, \"trung:da_xien:c3\": {\"payout\": 80, \"buy_rate\": 0.88}, \"trung:da_xien:c4\": {\"payout\": 80, \"buy_rate\": 0.87}, \"trung:xiu_chu_dau\": {\"payout\": 35, \"buy_rate\": 0.9}, \"trung:xiu_chu_duoi\": {\"payout\": 35, \"buy_rate\": 0.9}}',0.00,0.00,0.00,0.00,0.00,0.00,0.00,0.00,0,'2025-11-01 05:56:00','2025-11-01 05:56:00'),(6,2,'Vũ Mỹ Hương','0770574970','{\"bac:dau\": {\"payout\": 70, \"buy_rate\": 0.98}, \"nam:dau\": {\"payout\": 70, \"buy_rate\": 0.86}, \"bac:duoi\": {\"payout\": 70, \"buy_rate\": 0.98}, \"nam:duoi\": {\"payout\": 70, \"buy_rate\": 0.86}, \"trung:dau\": {\"payout\": 70, \"buy_rate\": 0.86}, \"trung:duoi\": {\"payout\": 70, \"buy_rate\": 0.86}, \"bac:xien:x2\": {\"payout\": 15, \"buy_rate\": 0.98}, \"bac:xien:x3\": {\"payout\": 550, \"buy_rate\": 0.96}, \"bac:xien:x4\": {\"payout\": 3500, \"buy_rate\": 0.94}, \"bac:xiu_chu\": {\"payout\": 35, \"buy_rate\": 0.98}, \"nam:xiu_chu\": {\"payout\": 35, \"buy_rate\": 0.86}, \"bac:da_thang\": {\"payout\": 80, \"buy_rate\": 0.98}, \"bac:dau_duoi\": {\"payout\": 70, \"buy_rate\": 0.98}, \"nam:da_thang\": {\"payout\": 80, \"buy_rate\": 0.86}, \"nam:dau_duoi\": {\"payout\": 70, \"buy_rate\": 0.86}, \"bac:bao_lo:d2\": {\"payout\": 80, \"buy_rate\": 0.98}, \"bac:bao_lo:d3\": {\"payout\": 500, \"buy_rate\": 0.95}, \"bac:bao_lo:d4\": {\"payout\": 3000, \"buy_rate\": 0.93}, \"nam:bao_lo:d2\": {\"payout\": 80, \"buy_rate\": 0.86}, \"nam:bao_lo:d3\": {\"payout\": 500, \"buy_rate\": 0.83}, \"nam:bao_lo:d4\": {\"payout\": 3000, \"buy_rate\": 0.8099999999999999}, \"trung:xiu_chu\": {\"payout\": 35, \"buy_rate\": 0.86}, \"bac:da_xien:c2\": {\"payout\": 80, \"buy_rate\": 0.98}, \"bac:da_xien:c3\": {\"payout\": 80, \"buy_rate\": 0.96}, \"bac:da_xien:c4\": {\"payout\": 80, \"buy_rate\": 0.95}, \"nam:da_xien:c2\": {\"payout\": 80, \"buy_rate\": 0.86}, \"nam:da_xien:c3\": {\"payout\": 80, \"buy_rate\": 0.84}, \"nam:da_xien:c4\": {\"payout\": 80, \"buy_rate\": 0.83}, \"trung:da_thang\": {\"payout\": 80, \"buy_rate\": 0.86}, \"trung:dau_duoi\": {\"payout\": 70, \"buy_rate\": 0.86}, \"bac:xiu_chu_dau\": {\"payout\": 35, \"buy_rate\": 0.98}, \"nam:xiu_chu_dau\": {\"payout\": 35, \"buy_rate\": 0.86}, \"trung:bao_lo:d2\": {\"payout\": 80, \"buy_rate\": 0.86}, \"trung:bao_lo:d3\": {\"payout\": 500, \"buy_rate\": 0.83}, \"trung:bao_lo:d4\": {\"payout\": 3000, \"buy_rate\": 0.8099999999999999}, \"bac:xiu_chu_duoi\": {\"payout\": 35, \"buy_rate\": 0.98}, \"nam:xiu_chu_duoi\": {\"payout\": 35, \"buy_rate\": 0.86}, \"trung:da_xien:c2\": {\"payout\": 80, \"buy_rate\": 0.86}, \"trung:da_xien:c3\": {\"payout\": 80, \"buy_rate\": 0.84}, \"trung:da_xien:c4\": {\"payout\": 80, \"buy_rate\": 0.83}, \"trung:xiu_chu_dau\": {\"payout\": 35, \"buy_rate\": 0.86}, \"trung:xiu_chu_duoi\": {\"payout\": 35, \"buy_rate\": 0.86}}',1600000.00,1857900.00,1600000.00,1857900.00,0.00,0.00,0.00,0.00,1,'2025-11-01 05:56:00','2025-11-03 20:45:13'),(7,3,'Cụ. Lò Văn','0887659403','{\"bac:dau\": {\"payout\": 70, \"buy_rate\": 0.9}, \"nam:dau\": {\"payout\": 70, \"buy_rate\": 0.94}, \"bac:duoi\": {\"payout\": 70, \"buy_rate\": 0.9}, \"nam:duoi\": {\"payout\": 70, \"buy_rate\": 0.94}, \"trung:dau\": {\"payout\": 70, \"buy_rate\": 0.88}, \"trung:duoi\": {\"payout\": 70, \"buy_rate\": 0.88}, \"bac:xien:x2\": {\"payout\": 15, \"buy_rate\": 0.9}, \"bac:xien:x3\": {\"payout\": 550, \"buy_rate\": 0.88}, \"bac:xien:x4\": {\"payout\": 3500, \"buy_rate\": 0.86}, \"bac:xiu_chu\": {\"payout\": 35, \"buy_rate\": 0.9}, \"nam:xiu_chu\": {\"payout\": 35, \"buy_rate\": 0.94}, \"bac:da_thang\": {\"payout\": 80, \"buy_rate\": 0.9}, \"bac:dau_duoi\": {\"payout\": 70, \"buy_rate\": 0.9}, \"nam:da_thang\": {\"payout\": 80, \"buy_rate\": 0.94}, \"nam:dau_duoi\": {\"payout\": 70, \"buy_rate\": 0.94}, \"bac:bao_lo:d2\": {\"payout\": 80, \"buy_rate\": 0.9}, \"bac:bao_lo:d3\": {\"payout\": 500, \"buy_rate\": 0.87}, \"bac:bao_lo:d4\": {\"payout\": 3000, \"buy_rate\": 0.85}, \"nam:bao_lo:d2\": {\"payout\": 80, \"buy_rate\": 0.94}, \"nam:bao_lo:d3\": {\"payout\": 500, \"buy_rate\": 0.91}, \"nam:bao_lo:d4\": {\"payout\": 3000, \"buy_rate\": 0.8899999999999999}, \"trung:xiu_chu\": {\"payout\": 35, \"buy_rate\": 0.88}, \"bac:da_xien:c2\": {\"payout\": 80, \"buy_rate\": 0.9}, \"bac:da_xien:c3\": {\"payout\": 80, \"buy_rate\": 0.88}, \"bac:da_xien:c4\": {\"payout\": 80, \"buy_rate\": 0.87}, \"nam:da_xien:c2\": {\"payout\": 80, \"buy_rate\": 0.94}, \"nam:da_xien:c3\": {\"payout\": 80, \"buy_rate\": 0.92}, \"nam:da_xien:c4\": {\"payout\": 80, \"buy_rate\": 0.91}, \"trung:da_thang\": {\"payout\": 80, \"buy_rate\": 0.88}, \"trung:dau_duoi\": {\"payout\": 70, \"buy_rate\": 0.88}, \"bac:xiu_chu_dau\": {\"payout\": 35, \"buy_rate\": 0.9}, \"nam:xiu_chu_dau\": {\"payout\": 35, \"buy_rate\": 0.94}, \"trung:bao_lo:d2\": {\"payout\": 80, \"buy_rate\": 0.88}, \"trung:bao_lo:d3\": {\"payout\": 500, \"buy_rate\": 0.85}, \"trung:bao_lo:d4\": {\"payout\": 3000, \"buy_rate\": 0.83}, \"bac:xiu_chu_duoi\": {\"payout\": 35, \"buy_rate\": 0.9}, \"nam:xiu_chu_duoi\": {\"payout\": 35, \"buy_rate\": 0.94}, \"trung:da_xien:c2\": {\"payout\": 80, \"buy_rate\": 0.88}, \"trung:da_xien:c3\": {\"payout\": 80, \"buy_rate\": 0.86}, \"trung:da_xien:c4\": {\"payout\": 80, \"buy_rate\": 0.85}, \"trung:xiu_chu_dau\": {\"payout\": 35, \"buy_rate\": 0.88}, \"trung:xiu_chu_duoi\": {\"payout\": 35, \"buy_rate\": 0.88}}',0.00,0.00,0.00,0.00,0.00,0.00,0.00,0.00,0,'2025-11-01 05:56:00','2025-11-01 05:56:00'),(8,3,'Bế Trang','0339037656','{\"bac:dau\": {\"payout\": 70, \"buy_rate\": 0.9}, \"nam:dau\": {\"payout\": 70, \"buy_rate\": 0.87}, \"bac:duoi\": {\"payout\": 70, \"buy_rate\": 0.9}, \"nam:duoi\": {\"payout\": 70, \"buy_rate\": 0.87}, \"trung:dau\": {\"payout\": 70, \"buy_rate\": 0.87}, \"trung:duoi\": {\"payout\": 70, \"buy_rate\": 0.87}, \"bac:xien:x2\": {\"payout\": 15, \"buy_rate\": 0.9}, \"bac:xien:x3\": {\"payout\": 550, \"buy_rate\": 0.88}, \"bac:xien:x4\": {\"payout\": 3500, \"buy_rate\": 0.86}, \"bac:xiu_chu\": {\"payout\": 35, \"buy_rate\": 0.9}, \"nam:xiu_chu\": {\"payout\": 35, \"buy_rate\": 0.87}, \"bac:da_thang\": {\"payout\": 80, \"buy_rate\": 0.9}, \"bac:dau_duoi\": {\"payout\": 70, \"buy_rate\": 0.9}, \"nam:da_thang\": {\"payout\": 80, \"buy_rate\": 0.87}, \"nam:dau_duoi\": {\"payout\": 70, \"buy_rate\": 0.87}, \"bac:bao_lo:d2\": {\"payout\": 80, \"buy_rate\": 0.9}, \"bac:bao_lo:d3\": {\"payout\": 500, \"buy_rate\": 0.87}, \"bac:bao_lo:d4\": {\"payout\": 3000, \"buy_rate\": 0.85}, \"nam:bao_lo:d2\": {\"payout\": 80, \"buy_rate\": 0.87}, \"nam:bao_lo:d3\": {\"payout\": 500, \"buy_rate\": 0.84}, \"nam:bao_lo:d4\": {\"payout\": 3000, \"buy_rate\": 0.82}, \"trung:xiu_chu\": {\"payout\": 35, \"buy_rate\": 0.87}, \"bac:da_xien:c2\": {\"payout\": 80, \"buy_rate\": 0.9}, \"bac:da_xien:c3\": {\"payout\": 80, \"buy_rate\": 0.88}, \"bac:da_xien:c4\": {\"payout\": 80, \"buy_rate\": 0.87}, \"nam:da_xien:c2\": {\"payout\": 80, \"buy_rate\": 0.87}, \"nam:da_xien:c3\": {\"payout\": 80, \"buy_rate\": 0.85}, \"nam:da_xien:c4\": {\"payout\": 80, \"buy_rate\": 0.84}, \"trung:da_thang\": {\"payout\": 80, \"buy_rate\": 0.87}, \"trung:dau_duoi\": {\"payout\": 70, \"buy_rate\": 0.87}, \"bac:xiu_chu_dau\": {\"payout\": 35, \"buy_rate\": 0.9}, \"nam:xiu_chu_dau\": {\"payout\": 35, \"buy_rate\": 0.87}, \"trung:bao_lo:d2\": {\"payout\": 80, \"buy_rate\": 0.87}, \"trung:bao_lo:d3\": {\"payout\": 500, \"buy_rate\": 0.84}, \"trung:bao_lo:d4\": {\"payout\": 3000, \"buy_rate\": 0.82}, \"bac:xiu_chu_duoi\": {\"payout\": 35, \"buy_rate\": 0.9}, \"nam:xiu_chu_duoi\": {\"payout\": 35, \"buy_rate\": 0.87}, \"trung:da_xien:c2\": {\"payout\": 80, \"buy_rate\": 0.87}, \"trung:da_xien:c3\": {\"payout\": 80, \"buy_rate\": 0.85}, \"trung:da_xien:c4\": {\"payout\": 80, \"buy_rate\": 0.84}, \"trung:xiu_chu_dau\": {\"payout\": 35, \"buy_rate\": 0.87}, \"trung:xiu_chu_duoi\": {\"payout\": 35, \"buy_rate\": 0.87}}',0.00,0.00,0.00,0.00,0.00,0.00,0.00,0.00,1,'2025-11-01 05:56:00','2025-11-01 05:56:00'),(9,3,'Thiều Yến Huyền','0397873201','{\"bac:dau\": {\"payout\": 70, \"buy_rate\": 0.89}, \"nam:dau\": {\"payout\": 70, \"buy_rate\": 0.98}, \"bac:duoi\": {\"payout\": 70, \"buy_rate\": 0.89}, \"nam:duoi\": {\"payout\": 70, \"buy_rate\": 0.98}, \"trung:dau\": {\"payout\": 70, \"buy_rate\": 0.94}, \"trung:duoi\": {\"payout\": 70, \"buy_rate\": 0.94}, \"bac:xien:x2\": {\"payout\": 15, \"buy_rate\": 0.89}, \"bac:xien:x3\": {\"payout\": 550, \"buy_rate\": 0.87}, \"bac:xien:x4\": {\"payout\": 3500, \"buy_rate\": 0.85}, \"bac:xiu_chu\": {\"payout\": 35, \"buy_rate\": 0.89}, \"nam:xiu_chu\": {\"payout\": 35, \"buy_rate\": 0.98}, \"bac:da_thang\": {\"payout\": 80, \"buy_rate\": 0.89}, \"bac:dau_duoi\": {\"payout\": 70, \"buy_rate\": 0.89}, \"nam:da_thang\": {\"payout\": 80, \"buy_rate\": 0.98}, \"nam:dau_duoi\": {\"payout\": 70, \"buy_rate\": 0.98}, \"bac:bao_lo:d2\": {\"payout\": 80, \"buy_rate\": 0.89}, \"bac:bao_lo:d3\": {\"payout\": 500, \"buy_rate\": 0.86}, \"bac:bao_lo:d4\": {\"payout\": 3000, \"buy_rate\": 0.84}, \"nam:bao_lo:d2\": {\"payout\": 80, \"buy_rate\": 0.98}, \"nam:bao_lo:d3\": {\"payout\": 500, \"buy_rate\": 0.95}, \"nam:bao_lo:d4\": {\"payout\": 3000, \"buy_rate\": 0.93}, \"trung:xiu_chu\": {\"payout\": 35, \"buy_rate\": 0.94}, \"bac:da_xien:c2\": {\"payout\": 80, \"buy_rate\": 0.89}, \"bac:da_xien:c3\": {\"payout\": 80, \"buy_rate\": 0.87}, \"bac:da_xien:c4\": {\"payout\": 80, \"buy_rate\": 0.86}, \"nam:da_xien:c2\": {\"payout\": 80, \"buy_rate\": 0.98}, \"nam:da_xien:c3\": {\"payout\": 80, \"buy_rate\": 0.96}, \"nam:da_xien:c4\": {\"payout\": 80, \"buy_rate\": 0.95}, \"trung:da_thang\": {\"payout\": 80, \"buy_rate\": 0.94}, \"trung:dau_duoi\": {\"payout\": 70, \"buy_rate\": 0.94}, \"bac:xiu_chu_dau\": {\"payout\": 35, \"buy_rate\": 0.89}, \"nam:xiu_chu_dau\": {\"payout\": 35, \"buy_rate\": 0.98}, \"trung:bao_lo:d2\": {\"payout\": 80, \"buy_rate\": 0.94}, \"trung:bao_lo:d3\": {\"payout\": 500, \"buy_rate\": 0.91}, \"trung:bao_lo:d4\": {\"payout\": 3000, \"buy_rate\": 0.8899999999999999}, \"bac:xiu_chu_duoi\": {\"payout\": 35, \"buy_rate\": 0.89}, \"nam:xiu_chu_duoi\": {\"payout\": 35, \"buy_rate\": 0.98}, \"trung:da_xien:c2\": {\"payout\": 80, \"buy_rate\": 0.94}, \"trung:da_xien:c3\": {\"payout\": 80, \"buy_rate\": 0.92}, \"trung:da_xien:c4\": {\"payout\": 80, \"buy_rate\": 0.91}, \"trung:xiu_chu_dau\": {\"payout\": 35, \"buy_rate\": 0.94}, \"trung:xiu_chu_duoi\": {\"payout\": 35, \"buy_rate\": 0.94}}',0.00,0.00,0.00,0.00,0.00,0.00,0.00,0.00,1,'2025-11-01 05:56:00','2025-11-01 05:56:00'),(10,3,'Bà. Nghiêm Lợi','0870148705','{\"bac:dau\": {\"payout\": 70, \"buy_rate\": 0.95}, \"nam:dau\": {\"payout\": 70, \"buy_rate\": 0.93}, \"bac:duoi\": {\"payout\": 70, \"buy_rate\": 0.95}, \"nam:duoi\": {\"payout\": 70, \"buy_rate\": 0.93}, \"trung:dau\": {\"payout\": 70, \"buy_rate\": 0.95}, \"trung:duoi\": {\"payout\": 70, \"buy_rate\": 0.95}, \"bac:xien:x2\": {\"payout\": 15, \"buy_rate\": 0.95}, \"bac:xien:x3\": {\"payout\": 550, \"buy_rate\": 0.93}, \"bac:xien:x4\": {\"payout\": 3500, \"buy_rate\": 0.91}, \"bac:xiu_chu\": {\"payout\": 35, \"buy_rate\": 0.95}, \"nam:xiu_chu\": {\"payout\": 35, \"buy_rate\": 0.93}, \"bac:da_thang\": {\"payout\": 80, \"buy_rate\": 0.95}, \"bac:dau_duoi\": {\"payout\": 70, \"buy_rate\": 0.95}, \"nam:da_thang\": {\"payout\": 80, \"buy_rate\": 0.93}, \"nam:dau_duoi\": {\"payout\": 70, \"buy_rate\": 0.93}, \"bac:bao_lo:d2\": {\"payout\": 80, \"buy_rate\": 0.95}, \"bac:bao_lo:d3\": {\"payout\": 500, \"buy_rate\": 0.92}, \"bac:bao_lo:d4\": {\"payout\": 3000, \"buy_rate\": 0.8999999999999999}, \"nam:bao_lo:d2\": {\"payout\": 80, \"buy_rate\": 0.93}, \"nam:bao_lo:d3\": {\"payout\": 500, \"buy_rate\": 0.9}, \"nam:bao_lo:d4\": {\"payout\": 3000, \"buy_rate\": 0.88}, \"trung:xiu_chu\": {\"payout\": 35, \"buy_rate\": 0.95}, \"bac:da_xien:c2\": {\"payout\": 80, \"buy_rate\": 0.95}, \"bac:da_xien:c3\": {\"payout\": 80, \"buy_rate\": 0.93}, \"bac:da_xien:c4\": {\"payout\": 80, \"buy_rate\": 0.92}, \"nam:da_xien:c2\": {\"payout\": 80, \"buy_rate\": 0.93}, \"nam:da_xien:c3\": {\"payout\": 80, \"buy_rate\": 0.91}, \"nam:da_xien:c4\": {\"payout\": 80, \"buy_rate\": 0.9}, \"trung:da_thang\": {\"payout\": 80, \"buy_rate\": 0.95}, \"trung:dau_duoi\": {\"payout\": 70, \"buy_rate\": 0.95}, \"bac:xiu_chu_dau\": {\"payout\": 35, \"buy_rate\": 0.95}, \"nam:xiu_chu_dau\": {\"payout\": 35, \"buy_rate\": 0.93}, \"trung:bao_lo:d2\": {\"payout\": 80, \"buy_rate\": 0.95}, \"trung:bao_lo:d3\": {\"payout\": 500, \"buy_rate\": 0.92}, \"trung:bao_lo:d4\": {\"payout\": 3000, \"buy_rate\": 0.8999999999999999}, \"bac:xiu_chu_duoi\": {\"payout\": 35, \"buy_rate\": 0.95}, \"nam:xiu_chu_duoi\": {\"payout\": 35, \"buy_rate\": 0.93}, \"trung:da_xien:c2\": {\"payout\": 80, \"buy_rate\": 0.95}, \"trung:da_xien:c3\": {\"payout\": 80, \"buy_rate\": 0.93}, \"trung:da_xien:c4\": {\"payout\": 80, \"buy_rate\": 0.92}, \"trung:xiu_chu_dau\": {\"payout\": 35, \"buy_rate\": 0.95}, \"trung:xiu_chu_duoi\": {\"payout\": 35, \"buy_rate\": 0.95}}',0.00,0.00,0.00,0.00,0.00,0.00,0.00,0.00,0,'2025-11-01 05:56:00','2025-11-01 05:56:00'),(11,3,'Ông. Uông Đình Anh','0823320674','{\"bac:dau\": {\"payout\": 70, \"buy_rate\": 0.89}, \"nam:dau\": {\"payout\": 70, \"buy_rate\": 0.9}, \"bac:duoi\": {\"payout\": 70, \"buy_rate\": 0.89}, \"nam:duoi\": {\"payout\": 70, \"buy_rate\": 0.9}, \"trung:dau\": {\"payout\": 70, \"buy_rate\": 0.93}, \"trung:duoi\": {\"payout\": 70, \"buy_rate\": 0.93}, \"bac:xien:x2\": {\"payout\": 15, \"buy_rate\": 0.89}, \"bac:xien:x3\": {\"payout\": 550, \"buy_rate\": 0.87}, \"bac:xien:x4\": {\"payout\": 3500, \"buy_rate\": 0.85}, \"bac:xiu_chu\": {\"payout\": 35, \"buy_rate\": 0.89}, \"nam:xiu_chu\": {\"payout\": 35, \"buy_rate\": 0.9}, \"bac:da_thang\": {\"payout\": 80, \"buy_rate\": 0.89}, \"bac:dau_duoi\": {\"payout\": 70, \"buy_rate\": 0.89}, \"nam:da_thang\": {\"payout\": 80, \"buy_rate\": 0.9}, \"nam:dau_duoi\": {\"payout\": 70, \"buy_rate\": 0.9}, \"bac:bao_lo:d2\": {\"payout\": 80, \"buy_rate\": 0.89}, \"bac:bao_lo:d3\": {\"payout\": 500, \"buy_rate\": 0.86}, \"bac:bao_lo:d4\": {\"payout\": 3000, \"buy_rate\": 0.84}, \"nam:bao_lo:d2\": {\"payout\": 80, \"buy_rate\": 0.9}, \"nam:bao_lo:d3\": {\"payout\": 500, \"buy_rate\": 0.87}, \"nam:bao_lo:d4\": {\"payout\": 3000, \"buy_rate\": 0.85}, \"trung:xiu_chu\": {\"payout\": 35, \"buy_rate\": 0.93}, \"bac:da_xien:c2\": {\"payout\": 80, \"buy_rate\": 0.89}, \"bac:da_xien:c3\": {\"payout\": 80, \"buy_rate\": 0.87}, \"bac:da_xien:c4\": {\"payout\": 80, \"buy_rate\": 0.86}, \"nam:da_xien:c2\": {\"payout\": 80, \"buy_rate\": 0.9}, \"nam:da_xien:c3\": {\"payout\": 80, \"buy_rate\": 0.88}, \"nam:da_xien:c4\": {\"payout\": 80, \"buy_rate\": 0.87}, \"trung:da_thang\": {\"payout\": 80, \"buy_rate\": 0.93}, \"trung:dau_duoi\": {\"payout\": 70, \"buy_rate\": 0.93}, \"bac:xiu_chu_dau\": {\"payout\": 35, \"buy_rate\": 0.89}, \"nam:xiu_chu_dau\": {\"payout\": 35, \"buy_rate\": 0.9}, \"trung:bao_lo:d2\": {\"payout\": 80, \"buy_rate\": 0.93}, \"trung:bao_lo:d3\": {\"payout\": 500, \"buy_rate\": 0.9}, \"trung:bao_lo:d4\": {\"payout\": 3000, \"buy_rate\": 0.88}, \"bac:xiu_chu_duoi\": {\"payout\": 35, \"buy_rate\": 0.89}, \"nam:xiu_chu_duoi\": {\"payout\": 35, \"buy_rate\": 0.9}, \"trung:da_xien:c2\": {\"payout\": 80, \"buy_rate\": 0.93}, \"trung:da_xien:c3\": {\"payout\": 80, \"buy_rate\": 0.91}, \"trung:da_xien:c4\": {\"payout\": 80, \"buy_rate\": 0.9}, \"trung:xiu_chu_dau\": {\"payout\": 35, \"buy_rate\": 0.93}, \"trung:xiu_chu_duoi\": {\"payout\": 35, \"buy_rate\": 0.93}}',0.00,0.00,0.00,0.00,0.00,0.00,0.00,0.00,1,'2025-11-01 05:56:00','2025-11-01 05:56:00'),(12,4,'Kiều Cầm','0357441469','{\"bac:dau\": {\"payout\": 70, \"buy_rate\": 0.95}, \"nam:dau\": {\"payout\": 70, \"buy_rate\": 0.91}, \"bac:duoi\": {\"payout\": 70, \"buy_rate\": 0.95}, \"nam:duoi\": {\"payout\": 70, \"buy_rate\": 0.91}, \"trung:dau\": {\"payout\": 70, \"buy_rate\": 0.94}, \"trung:duoi\": {\"payout\": 70, \"buy_rate\": 0.94}, \"bac:xien:x2\": {\"payout\": 15, \"buy_rate\": 0.95}, \"bac:xien:x3\": {\"payout\": 550, \"buy_rate\": 0.93}, \"bac:xien:x4\": {\"payout\": 3500, \"buy_rate\": 0.91}, \"bac:xiu_chu\": {\"payout\": 35, \"buy_rate\": 0.95}, \"nam:xiu_chu\": {\"payout\": 35, \"buy_rate\": 0.91}, \"bac:da_thang\": {\"payout\": 80, \"buy_rate\": 0.95}, \"bac:dau_duoi\": {\"payout\": 70, \"buy_rate\": 0.95}, \"nam:da_thang\": {\"payout\": 80, \"buy_rate\": 0.91}, \"nam:dau_duoi\": {\"payout\": 70, \"buy_rate\": 0.91}, \"bac:bao_lo:d2\": {\"payout\": 80, \"buy_rate\": 0.95}, \"bac:bao_lo:d3\": {\"payout\": 500, \"buy_rate\": 0.92}, \"bac:bao_lo:d4\": {\"payout\": 3000, \"buy_rate\": 0.8999999999999999}, \"nam:bao_lo:d2\": {\"payout\": 80, \"buy_rate\": 0.91}, \"nam:bao_lo:d3\": {\"payout\": 500, \"buy_rate\": 0.88}, \"nam:bao_lo:d4\": {\"payout\": 3000, \"buy_rate\": 0.86}, \"trung:xiu_chu\": {\"payout\": 35, \"buy_rate\": 0.94}, \"bac:da_xien:c2\": {\"payout\": 80, \"buy_rate\": 0.95}, \"bac:da_xien:c3\": {\"payout\": 80, \"buy_rate\": 0.93}, \"bac:da_xien:c4\": {\"payout\": 80, \"buy_rate\": 0.92}, \"nam:da_xien:c2\": {\"payout\": 80, \"buy_rate\": 0.91}, \"nam:da_xien:c3\": {\"payout\": 80, \"buy_rate\": 0.89}, \"nam:da_xien:c4\": {\"payout\": 80, \"buy_rate\": 0.88}, \"trung:da_thang\": {\"payout\": 80, \"buy_rate\": 0.94}, \"trung:dau_duoi\": {\"payout\": 70, \"buy_rate\": 0.94}, \"bac:xiu_chu_dau\": {\"payout\": 35, \"buy_rate\": 0.95}, \"nam:xiu_chu_dau\": {\"payout\": 35, \"buy_rate\": 0.91}, \"trung:bao_lo:d2\": {\"payout\": 80, \"buy_rate\": 0.94}, \"trung:bao_lo:d3\": {\"payout\": 500, \"buy_rate\": 0.91}, \"trung:bao_lo:d4\": {\"payout\": 3000, \"buy_rate\": 0.8899999999999999}, \"bac:xiu_chu_duoi\": {\"payout\": 35, \"buy_rate\": 0.95}, \"nam:xiu_chu_duoi\": {\"payout\": 35, \"buy_rate\": 0.91}, \"trung:da_xien:c2\": {\"payout\": 80, \"buy_rate\": 0.94}, \"trung:da_xien:c3\": {\"payout\": 80, \"buy_rate\": 0.92}, \"trung:da_xien:c4\": {\"payout\": 80, \"buy_rate\": 0.91}, \"trung:xiu_chu_dau\": {\"payout\": 35, \"buy_rate\": 0.94}, \"trung:xiu_chu_duoi\": {\"payout\": 35, \"buy_rate\": 0.94}}',0.00,0.00,0.00,0.00,0.00,0.00,0.00,0.00,0,'2025-11-01 05:56:00','2025-11-01 05:56:00'),(13,4,'Giao Ân Trọng','0772310273','{\"bac:dau\": {\"payout\": 70, \"buy_rate\": 0.95}, \"nam:dau\": {\"payout\": 70, \"buy_rate\": 0.86}, \"bac:duoi\": {\"payout\": 70, \"buy_rate\": 0.95}, \"nam:duoi\": {\"payout\": 70, \"buy_rate\": 0.86}, \"trung:dau\": {\"payout\": 70, \"buy_rate\": 0.88}, \"trung:duoi\": {\"payout\": 70, \"buy_rate\": 0.88}, \"bac:xien:x2\": {\"payout\": 15, \"buy_rate\": 0.95}, \"bac:xien:x3\": {\"payout\": 550, \"buy_rate\": 0.93}, \"bac:xien:x4\": {\"payout\": 3500, \"buy_rate\": 0.91}, \"bac:xiu_chu\": {\"payout\": 35, \"buy_rate\": 0.95}, \"nam:xiu_chu\": {\"payout\": 35, \"buy_rate\": 0.86}, \"bac:da_thang\": {\"payout\": 80, \"buy_rate\": 0.95}, \"bac:dau_duoi\": {\"payout\": 70, \"buy_rate\": 0.95}, \"nam:da_thang\": {\"payout\": 80, \"buy_rate\": 0.86}, \"nam:dau_duoi\": {\"payout\": 70, \"buy_rate\": 0.86}, \"bac:bao_lo:d2\": {\"payout\": 80, \"buy_rate\": 0.95}, \"bac:bao_lo:d3\": {\"payout\": 500, \"buy_rate\": 0.92}, \"bac:bao_lo:d4\": {\"payout\": 3000, \"buy_rate\": 0.8999999999999999}, \"nam:bao_lo:d2\": {\"payout\": 80, \"buy_rate\": 0.86}, \"nam:bao_lo:d3\": {\"payout\": 500, \"buy_rate\": 0.83}, \"nam:bao_lo:d4\": {\"payout\": 3000, \"buy_rate\": 0.8099999999999999}, \"trung:xiu_chu\": {\"payout\": 35, \"buy_rate\": 0.88}, \"bac:da_xien:c2\": {\"payout\": 80, \"buy_rate\": 0.95}, \"bac:da_xien:c3\": {\"payout\": 80, \"buy_rate\": 0.93}, \"bac:da_xien:c4\": {\"payout\": 80, \"buy_rate\": 0.92}, \"nam:da_xien:c2\": {\"payout\": 80, \"buy_rate\": 0.86}, \"nam:da_xien:c3\": {\"payout\": 80, \"buy_rate\": 0.84}, \"nam:da_xien:c4\": {\"payout\": 80, \"buy_rate\": 0.83}, \"trung:da_thang\": {\"payout\": 80, \"buy_rate\": 0.88}, \"trung:dau_duoi\": {\"payout\": 70, \"buy_rate\": 0.88}, \"bac:xiu_chu_dau\": {\"payout\": 35, \"buy_rate\": 0.95}, \"nam:xiu_chu_dau\": {\"payout\": 35, \"buy_rate\": 0.86}, \"trung:bao_lo:d2\": {\"payout\": 80, \"buy_rate\": 0.88}, \"trung:bao_lo:d3\": {\"payout\": 500, \"buy_rate\": 0.85}, \"trung:bao_lo:d4\": {\"payout\": 3000, \"buy_rate\": 0.83}, \"bac:xiu_chu_duoi\": {\"payout\": 35, \"buy_rate\": 0.95}, \"nam:xiu_chu_duoi\": {\"payout\": 35, \"buy_rate\": 0.86}, \"trung:da_xien:c2\": {\"payout\": 80, \"buy_rate\": 0.88}, \"trung:da_xien:c3\": {\"payout\": 80, \"buy_rate\": 0.86}, \"trung:da_xien:c4\": {\"payout\": 80, \"buy_rate\": 0.85}, \"trung:xiu_chu_dau\": {\"payout\": 35, \"buy_rate\": 0.88}, \"trung:xiu_chu_duoi\": {\"payout\": 35, \"buy_rate\": 0.88}}',0.00,0.00,0.00,0.00,0.00,0.00,0.00,0.00,1,'2025-11-01 05:56:00','2025-11-01 05:56:00'),(14,4,'Bác. Lò Thuần Đài','0886040445','{\"bac:dau\": {\"payout\": 70, \"buy_rate\": 0.94}, \"nam:dau\": {\"payout\": 70, \"buy_rate\": 0.93}, \"bac:duoi\": {\"payout\": 70, \"buy_rate\": 0.94}, \"nam:duoi\": {\"payout\": 70, \"buy_rate\": 0.93}, \"trung:dau\": {\"payout\": 70, \"buy_rate\": 0.88}, \"trung:duoi\": {\"payout\": 70, \"buy_rate\": 0.88}, \"bac:xien:x2\": {\"payout\": 15, \"buy_rate\": 0.94}, \"bac:xien:x3\": {\"payout\": 550, \"buy_rate\": 0.92}, \"bac:xien:x4\": {\"payout\": 3500, \"buy_rate\": 0.8999999999999999}, \"bac:xiu_chu\": {\"payout\": 35, \"buy_rate\": 0.94}, \"nam:xiu_chu\": {\"payout\": 35, \"buy_rate\": 0.93}, \"bac:da_thang\": {\"payout\": 80, \"buy_rate\": 0.94}, \"bac:dau_duoi\": {\"payout\": 70, \"buy_rate\": 0.94}, \"nam:da_thang\": {\"payout\": 80, \"buy_rate\": 0.93}, \"nam:dau_duoi\": {\"payout\": 70, \"buy_rate\": 0.93}, \"bac:bao_lo:d2\": {\"payout\": 80, \"buy_rate\": 0.94}, \"bac:bao_lo:d3\": {\"payout\": 500, \"buy_rate\": 0.91}, \"bac:bao_lo:d4\": {\"payout\": 3000, \"buy_rate\": 0.8899999999999999}, \"nam:bao_lo:d2\": {\"payout\": 80, \"buy_rate\": 0.93}, \"nam:bao_lo:d3\": {\"payout\": 500, \"buy_rate\": 0.9}, \"nam:bao_lo:d4\": {\"payout\": 3000, \"buy_rate\": 0.88}, \"trung:xiu_chu\": {\"payout\": 35, \"buy_rate\": 0.88}, \"bac:da_xien:c2\": {\"payout\": 80, \"buy_rate\": 0.94}, \"bac:da_xien:c3\": {\"payout\": 80, \"buy_rate\": 0.92}, \"bac:da_xien:c4\": {\"payout\": 80, \"buy_rate\": 0.91}, \"nam:da_xien:c2\": {\"payout\": 80, \"buy_rate\": 0.93}, \"nam:da_xien:c3\": {\"payout\": 80, \"buy_rate\": 0.91}, \"nam:da_xien:c4\": {\"payout\": 80, \"buy_rate\": 0.9}, \"trung:da_thang\": {\"payout\": 80, \"buy_rate\": 0.88}, \"trung:dau_duoi\": {\"payout\": 70, \"buy_rate\": 0.88}, \"bac:xiu_chu_dau\": {\"payout\": 35, \"buy_rate\": 0.94}, \"nam:xiu_chu_dau\": {\"payout\": 35, \"buy_rate\": 0.93}, \"trung:bao_lo:d2\": {\"payout\": 80, \"buy_rate\": 0.88}, \"trung:bao_lo:d3\": {\"payout\": 500, \"buy_rate\": 0.85}, \"trung:bao_lo:d4\": {\"payout\": 3000, \"buy_rate\": 0.83}, \"bac:xiu_chu_duoi\": {\"payout\": 35, \"buy_rate\": 0.94}, \"nam:xiu_chu_duoi\": {\"payout\": 35, \"buy_rate\": 0.93}, \"trung:da_xien:c2\": {\"payout\": 80, \"buy_rate\": 0.88}, \"trung:da_xien:c3\": {\"payout\": 80, \"buy_rate\": 0.86}, \"trung:da_xien:c4\": {\"payout\": 80, \"buy_rate\": 0.85}, \"trung:xiu_chu_dau\": {\"payout\": 35, \"buy_rate\": 0.88}, \"trung:xiu_chu_duoi\": {\"payout\": 35, \"buy_rate\": 0.88}}',0.00,0.00,0.00,0.00,0.00,0.00,0.00,0.00,1,'2025-11-01 05:56:00','2025-11-01 05:56:00'),(15,4,'Tôn Vy Ánh','0843961564','{\"bac:dau\": {\"payout\": 70, \"buy_rate\": 0.89}, \"nam:dau\": {\"payout\": 70, \"buy_rate\": 0.88}, \"bac:duoi\": {\"payout\": 70, \"buy_rate\": 0.89}, \"nam:duoi\": {\"payout\": 70, \"buy_rate\": 0.88}, \"trung:dau\": {\"payout\": 70, \"buy_rate\": 0.98}, \"trung:duoi\": {\"payout\": 70, \"buy_rate\": 0.98}, \"bac:xien:x2\": {\"payout\": 15, \"buy_rate\": 0.89}, \"bac:xien:x3\": {\"payout\": 550, \"buy_rate\": 0.87}, \"bac:xien:x4\": {\"payout\": 3500, \"buy_rate\": 0.85}, \"bac:xiu_chu\": {\"payout\": 35, \"buy_rate\": 0.89}, \"nam:xiu_chu\": {\"payout\": 35, \"buy_rate\": 0.88}, \"bac:da_thang\": {\"payout\": 80, \"buy_rate\": 0.89}, \"bac:dau_duoi\": {\"payout\": 70, \"buy_rate\": 0.89}, \"nam:da_thang\": {\"payout\": 80, \"buy_rate\": 0.88}, \"nam:dau_duoi\": {\"payout\": 70, \"buy_rate\": 0.88}, \"bac:bao_lo:d2\": {\"payout\": 80, \"buy_rate\": 0.89}, \"bac:bao_lo:d3\": {\"payout\": 500, \"buy_rate\": 0.86}, \"bac:bao_lo:d4\": {\"payout\": 3000, \"buy_rate\": 0.84}, \"nam:bao_lo:d2\": {\"payout\": 80, \"buy_rate\": 0.88}, \"nam:bao_lo:d3\": {\"payout\": 500, \"buy_rate\": 0.85}, \"nam:bao_lo:d4\": {\"payout\": 3000, \"buy_rate\": 0.83}, \"trung:xiu_chu\": {\"payout\": 35, \"buy_rate\": 0.98}, \"bac:da_xien:c2\": {\"payout\": 80, \"buy_rate\": 0.89}, \"bac:da_xien:c3\": {\"payout\": 80, \"buy_rate\": 0.87}, \"bac:da_xien:c4\": {\"payout\": 80, \"buy_rate\": 0.86}, \"nam:da_xien:c2\": {\"payout\": 80, \"buy_rate\": 0.88}, \"nam:da_xien:c3\": {\"payout\": 80, \"buy_rate\": 0.86}, \"nam:da_xien:c4\": {\"payout\": 80, \"buy_rate\": 0.85}, \"trung:da_thang\": {\"payout\": 80, \"buy_rate\": 0.98}, \"trung:dau_duoi\": {\"payout\": 70, \"buy_rate\": 0.98}, \"bac:xiu_chu_dau\": {\"payout\": 35, \"buy_rate\": 0.89}, \"nam:xiu_chu_dau\": {\"payout\": 35, \"buy_rate\": 0.88}, \"trung:bao_lo:d2\": {\"payout\": 80, \"buy_rate\": 0.98}, \"trung:bao_lo:d3\": {\"payout\": 500, \"buy_rate\": 0.95}, \"trung:bao_lo:d4\": {\"payout\": 3000, \"buy_rate\": 0.93}, \"bac:xiu_chu_duoi\": {\"payout\": 35, \"buy_rate\": 0.89}, \"nam:xiu_chu_duoi\": {\"payout\": 35, \"buy_rate\": 0.88}, \"trung:da_xien:c2\": {\"payout\": 80, \"buy_rate\": 0.98}, \"trung:da_xien:c3\": {\"payout\": 80, \"buy_rate\": 0.96}, \"trung:da_xien:c4\": {\"payout\": 80, \"buy_rate\": 0.95}, \"trung:xiu_chu_dau\": {\"payout\": 35, \"buy_rate\": 0.98}, \"trung:xiu_chu_duoi\": {\"payout\": 35, \"buy_rate\": 0.98}}',0.00,0.00,0.00,0.00,0.00,0.00,0.00,0.00,1,'2025-11-01 05:56:00','2025-11-01 05:56:00'),(16,4,'Bác. Bạc Vỹ','0377498270','{\"bac:dau\": {\"payout\": 70, \"buy_rate\": 0.86}, \"nam:dau\": {\"payout\": 70, \"buy_rate\": 0.97}, \"bac:duoi\": {\"payout\": 70, \"buy_rate\": 0.86}, \"nam:duoi\": {\"payout\": 70, \"buy_rate\": 0.97}, \"trung:dau\": {\"payout\": 70, \"buy_rate\": 0.96}, \"trung:duoi\": {\"payout\": 70, \"buy_rate\": 0.96}, \"bac:xien:x2\": {\"payout\": 15, \"buy_rate\": 0.86}, \"bac:xien:x3\": {\"payout\": 550, \"buy_rate\": 0.84}, \"bac:xien:x4\": {\"payout\": 3500, \"buy_rate\": 0.82}, \"bac:xiu_chu\": {\"payout\": 35, \"buy_rate\": 0.86}, \"nam:xiu_chu\": {\"payout\": 35, \"buy_rate\": 0.97}, \"bac:da_thang\": {\"payout\": 80, \"buy_rate\": 0.86}, \"bac:dau_duoi\": {\"payout\": 70, \"buy_rate\": 0.86}, \"nam:da_thang\": {\"payout\": 80, \"buy_rate\": 0.97}, \"nam:dau_duoi\": {\"payout\": 70, \"buy_rate\": 0.97}, \"bac:bao_lo:d2\": {\"payout\": 80, \"buy_rate\": 0.86}, \"bac:bao_lo:d3\": {\"payout\": 500, \"buy_rate\": 0.83}, \"bac:bao_lo:d4\": {\"payout\": 3000, \"buy_rate\": 0.8099999999999999}, \"nam:bao_lo:d2\": {\"payout\": 80, \"buy_rate\": 0.97}, \"nam:bao_lo:d3\": {\"payout\": 500, \"buy_rate\": 0.94}, \"nam:bao_lo:d4\": {\"payout\": 3000, \"buy_rate\": 0.92}, \"trung:xiu_chu\": {\"payout\": 35, \"buy_rate\": 0.96}, \"bac:da_xien:c2\": {\"payout\": 80, \"buy_rate\": 0.86}, \"bac:da_xien:c3\": {\"payout\": 80, \"buy_rate\": 0.84}, \"bac:da_xien:c4\": {\"payout\": 80, \"buy_rate\": 0.83}, \"nam:da_xien:c2\": {\"payout\": 80, \"buy_rate\": 0.97}, \"nam:da_xien:c3\": {\"payout\": 80, \"buy_rate\": 0.95}, \"nam:da_xien:c4\": {\"payout\": 80, \"buy_rate\": 0.94}, \"trung:da_thang\": {\"payout\": 80, \"buy_rate\": 0.96}, \"trung:dau_duoi\": {\"payout\": 70, \"buy_rate\": 0.96}, \"bac:xiu_chu_dau\": {\"payout\": 35, \"buy_rate\": 0.86}, \"nam:xiu_chu_dau\": {\"payout\": 35, \"buy_rate\": 0.97}, \"trung:bao_lo:d2\": {\"payout\": 80, \"buy_rate\": 0.96}, \"trung:bao_lo:d3\": {\"payout\": 500, \"buy_rate\": 0.93}, \"trung:bao_lo:d4\": {\"payout\": 3000, \"buy_rate\": 0.91}, \"bac:xiu_chu_duoi\": {\"payout\": 35, \"buy_rate\": 0.86}, \"nam:xiu_chu_duoi\": {\"payout\": 35, \"buy_rate\": 0.97}, \"trung:da_xien:c2\": {\"payout\": 80, \"buy_rate\": 0.96}, \"trung:da_xien:c3\": {\"payout\": 80, \"buy_rate\": 0.94}, \"trung:da_xien:c4\": {\"payout\": 80, \"buy_rate\": 0.93}, \"trung:xiu_chu_dau\": {\"payout\": 35, \"buy_rate\": 0.96}, \"trung:xiu_chu_duoi\": {\"payout\": 35, \"buy_rate\": 0.96}}',0.00,0.00,0.00,0.00,0.00,0.00,0.00,0.00,1,'2025-11-01 05:56:00','2025-11-01 05:56:00'),(17,4,'Cụ. Phương Giang Tùng','0841445374','{\"bac:dau\": {\"payout\": 70, \"buy_rate\": 0.92}, \"nam:dau\": {\"payout\": 70, \"buy_rate\": 0.91}, \"bac:duoi\": {\"payout\": 70, \"buy_rate\": 0.92}, \"nam:duoi\": {\"payout\": 70, \"buy_rate\": 0.91}, \"trung:dau\": {\"payout\": 70, \"buy_rate\": 0.94}, \"trung:duoi\": {\"payout\": 70, \"buy_rate\": 0.94}, \"bac:xien:x2\": {\"payout\": 15, \"buy_rate\": 0.92}, \"bac:xien:x3\": {\"payout\": 550, \"buy_rate\": 0.9}, \"bac:xien:x4\": {\"payout\": 3500, \"buy_rate\": 0.88}, \"bac:xiu_chu\": {\"payout\": 35, \"buy_rate\": 0.92}, \"nam:xiu_chu\": {\"payout\": 35, \"buy_rate\": 0.91}, \"bac:da_thang\": {\"payout\": 80, \"buy_rate\": 0.92}, \"bac:dau_duoi\": {\"payout\": 70, \"buy_rate\": 0.92}, \"nam:da_thang\": {\"payout\": 80, \"buy_rate\": 0.91}, \"nam:dau_duoi\": {\"payout\": 70, \"buy_rate\": 0.91}, \"bac:bao_lo:d2\": {\"payout\": 80, \"buy_rate\": 0.92}, \"bac:bao_lo:d3\": {\"payout\": 500, \"buy_rate\": 0.89}, \"bac:bao_lo:d4\": {\"payout\": 3000, \"buy_rate\": 0.87}, \"nam:bao_lo:d2\": {\"payout\": 80, \"buy_rate\": 0.91}, \"nam:bao_lo:d3\": {\"payout\": 500, \"buy_rate\": 0.88}, \"nam:bao_lo:d4\": {\"payout\": 3000, \"buy_rate\": 0.86}, \"trung:xiu_chu\": {\"payout\": 35, \"buy_rate\": 0.94}, \"bac:da_xien:c2\": {\"payout\": 80, \"buy_rate\": 0.92}, \"bac:da_xien:c3\": {\"payout\": 80, \"buy_rate\": 0.9}, \"bac:da_xien:c4\": {\"payout\": 80, \"buy_rate\": 0.89}, \"nam:da_xien:c2\": {\"payout\": 80, \"buy_rate\": 0.91}, \"nam:da_xien:c3\": {\"payout\": 80, \"buy_rate\": 0.89}, \"nam:da_xien:c4\": {\"payout\": 80, \"buy_rate\": 0.88}, \"trung:da_thang\": {\"payout\": 80, \"buy_rate\": 0.94}, \"trung:dau_duoi\": {\"payout\": 70, \"buy_rate\": 0.94}, \"bac:xiu_chu_dau\": {\"payout\": 35, \"buy_rate\": 0.92}, \"nam:xiu_chu_dau\": {\"payout\": 35, \"buy_rate\": 0.91}, \"trung:bao_lo:d2\": {\"payout\": 80, \"buy_rate\": 0.94}, \"trung:bao_lo:d3\": {\"payout\": 500, \"buy_rate\": 0.91}, \"trung:bao_lo:d4\": {\"payout\": 3000, \"buy_rate\": 0.8899999999999999}, \"bac:xiu_chu_duoi\": {\"payout\": 35, \"buy_rate\": 0.92}, \"nam:xiu_chu_duoi\": {\"payout\": 35, \"buy_rate\": 0.91}, \"trung:da_xien:c2\": {\"payout\": 80, \"buy_rate\": 0.94}, \"trung:da_xien:c3\": {\"payout\": 80, \"buy_rate\": 0.92}, \"trung:da_xien:c4\": {\"payout\": 80, \"buy_rate\": 0.91}, \"trung:xiu_chu_dau\": {\"payout\": 35, \"buy_rate\": 0.94}, \"trung:xiu_chu_duoi\": {\"payout\": 35, \"buy_rate\": 0.94}}',0.00,0.00,0.00,0.00,0.00,0.00,0.00,0.00,1,'2025-11-01 05:56:00','2025-11-01 05:56:00'),(18,4,'Em. Kha Uyển','0941826798','{\"bac:dau\": {\"payout\": 70, \"buy_rate\": 0.93}, \"nam:dau\": {\"payout\": 70, \"buy_rate\": 0.87}, \"bac:duoi\": {\"payout\": 70, \"buy_rate\": 0.93}, \"nam:duoi\": {\"payout\": 70, \"buy_rate\": 0.87}, \"trung:dau\": {\"payout\": 70, \"buy_rate\": 0.86}, \"trung:duoi\": {\"payout\": 70, \"buy_rate\": 0.86}, \"bac:xien:x2\": {\"payout\": 15, \"buy_rate\": 0.93}, \"bac:xien:x3\": {\"payout\": 550, \"buy_rate\": 0.91}, \"bac:xien:x4\": {\"payout\": 3500, \"buy_rate\": 0.89}, \"bac:xiu_chu\": {\"payout\": 35, \"buy_rate\": 0.93}, \"nam:xiu_chu\": {\"payout\": 35, \"buy_rate\": 0.87}, \"bac:da_thang\": {\"payout\": 80, \"buy_rate\": 0.93}, \"bac:dau_duoi\": {\"payout\": 70, \"buy_rate\": 0.93}, \"nam:da_thang\": {\"payout\": 80, \"buy_rate\": 0.87}, \"nam:dau_duoi\": {\"payout\": 70, \"buy_rate\": 0.87}, \"bac:bao_lo:d2\": {\"payout\": 80, \"buy_rate\": 0.93}, \"bac:bao_lo:d3\": {\"payout\": 500, \"buy_rate\": 0.9}, \"bac:bao_lo:d4\": {\"payout\": 3000, \"buy_rate\": 0.88}, \"nam:bao_lo:d2\": {\"payout\": 80, \"buy_rate\": 0.87}, \"nam:bao_lo:d3\": {\"payout\": 500, \"buy_rate\": 0.84}, \"nam:bao_lo:d4\": {\"payout\": 3000, \"buy_rate\": 0.82}, \"trung:xiu_chu\": {\"payout\": 35, \"buy_rate\": 0.86}, \"bac:da_xien:c2\": {\"payout\": 80, \"buy_rate\": 0.93}, \"bac:da_xien:c3\": {\"payout\": 80, \"buy_rate\": 0.91}, \"bac:da_xien:c4\": {\"payout\": 80, \"buy_rate\": 0.9}, \"nam:da_xien:c2\": {\"payout\": 80, \"buy_rate\": 0.87}, \"nam:da_xien:c3\": {\"payout\": 80, \"buy_rate\": 0.85}, \"nam:da_xien:c4\": {\"payout\": 80, \"buy_rate\": 0.84}, \"trung:da_thang\": {\"payout\": 80, \"buy_rate\": 0.86}, \"trung:dau_duoi\": {\"payout\": 70, \"buy_rate\": 0.86}, \"bac:xiu_chu_dau\": {\"payout\": 35, \"buy_rate\": 0.93}, \"nam:xiu_chu_dau\": {\"payout\": 35, \"buy_rate\": 0.87}, \"trung:bao_lo:d2\": {\"payout\": 80, \"buy_rate\": 0.86}, \"trung:bao_lo:d3\": {\"payout\": 500, \"buy_rate\": 0.83}, \"trung:bao_lo:d4\": {\"payout\": 3000, \"buy_rate\": 0.8099999999999999}, \"bac:xiu_chu_duoi\": {\"payout\": 35, \"buy_rate\": 0.93}, \"nam:xiu_chu_duoi\": {\"payout\": 35, \"buy_rate\": 0.87}, \"trung:da_xien:c2\": {\"payout\": 80, \"buy_rate\": 0.86}, \"trung:da_xien:c3\": {\"payout\": 80, \"buy_rate\": 0.84}, \"trung:da_xien:c4\": {\"payout\": 80, \"buy_rate\": 0.83}, \"trung:xiu_chu_dau\": {\"payout\": 35, \"buy_rate\": 0.86}, \"trung:xiu_chu_duoi\": {\"payout\": 35, \"buy_rate\": 0.86}}',0.00,0.00,0.00,0.00,0.00,0.00,0.00,0.00,1,'2025-11-01 05:56:00','2025-11-01 05:56:00'),(19,4,'Cụ. Trần Nhất Hạnh','0760520886','{\"bac:dau\": {\"payout\": 70, \"buy_rate\": 0.96}, \"nam:dau\": {\"payout\": 70, \"buy_rate\": 0.95}, \"bac:duoi\": {\"payout\": 70, \"buy_rate\": 0.96}, \"nam:duoi\": {\"payout\": 70, \"buy_rate\": 0.95}, \"trung:dau\": {\"payout\": 70, \"buy_rate\": 0.9}, \"trung:duoi\": {\"payout\": 70, \"buy_rate\": 0.9}, \"bac:xien:x2\": {\"payout\": 15, \"buy_rate\": 0.96}, \"bac:xien:x3\": {\"payout\": 550, \"buy_rate\": 0.94}, \"bac:xien:x4\": {\"payout\": 3500, \"buy_rate\": 0.92}, \"bac:xiu_chu\": {\"payout\": 35, \"buy_rate\": 0.96}, \"nam:xiu_chu\": {\"payout\": 35, \"buy_rate\": 0.95}, \"bac:da_thang\": {\"payout\": 80, \"buy_rate\": 0.96}, \"bac:dau_duoi\": {\"payout\": 70, \"buy_rate\": 0.96}, \"nam:da_thang\": {\"payout\": 80, \"buy_rate\": 0.95}, \"nam:dau_duoi\": {\"payout\": 70, \"buy_rate\": 0.95}, \"bac:bao_lo:d2\": {\"payout\": 80, \"buy_rate\": 0.96}, \"bac:bao_lo:d3\": {\"payout\": 500, \"buy_rate\": 0.93}, \"bac:bao_lo:d4\": {\"payout\": 3000, \"buy_rate\": 0.91}, \"nam:bao_lo:d2\": {\"payout\": 80, \"buy_rate\": 0.95}, \"nam:bao_lo:d3\": {\"payout\": 500, \"buy_rate\": 0.92}, \"nam:bao_lo:d4\": {\"payout\": 3000, \"buy_rate\": 0.8999999999999999}, \"trung:xiu_chu\": {\"payout\": 35, \"buy_rate\": 0.9}, \"bac:da_xien:c2\": {\"payout\": 80, \"buy_rate\": 0.96}, \"bac:da_xien:c3\": {\"payout\": 80, \"buy_rate\": 0.94}, \"bac:da_xien:c4\": {\"payout\": 80, \"buy_rate\": 0.93}, \"nam:da_xien:c2\": {\"payout\": 80, \"buy_rate\": 0.95}, \"nam:da_xien:c3\": {\"payout\": 80, \"buy_rate\": 0.93}, \"nam:da_xien:c4\": {\"payout\": 80, \"buy_rate\": 0.92}, \"trung:da_thang\": {\"payout\": 80, \"buy_rate\": 0.9}, \"trung:dau_duoi\": {\"payout\": 70, \"buy_rate\": 0.9}, \"bac:xiu_chu_dau\": {\"payout\": 35, \"buy_rate\": 0.96}, \"nam:xiu_chu_dau\": {\"payout\": 35, \"buy_rate\": 0.95}, \"trung:bao_lo:d2\": {\"payout\": 80, \"buy_rate\": 0.9}, \"trung:bao_lo:d3\": {\"payout\": 500, \"buy_rate\": 0.87}, \"trung:bao_lo:d4\": {\"payout\": 3000, \"buy_rate\": 0.85}, \"bac:xiu_chu_duoi\": {\"payout\": 35, \"buy_rate\": 0.96}, \"nam:xiu_chu_duoi\": {\"payout\": 35, \"buy_rate\": 0.95}, \"trung:da_xien:c2\": {\"payout\": 80, \"buy_rate\": 0.9}, \"trung:da_xien:c3\": {\"payout\": 80, \"buy_rate\": 0.88}, \"trung:da_xien:c4\": {\"payout\": 80, \"buy_rate\": 0.87}, \"trung:xiu_chu_dau\": {\"payout\": 35, \"buy_rate\": 0.9}, \"trung:xiu_chu_duoi\": {\"payout\": 35, \"buy_rate\": 0.9}}',0.00,0.00,0.00,0.00,0.00,0.00,0.00,0.00,0,'2025-11-01 05:56:00','2025-11-01 05:56:00'),(20,5,'Bác. Mẫn Mộng Vĩ','0791714834','{\"bac:dau\": {\"payout\": 70, \"buy_rate\": 0.93}, \"nam:dau\": {\"payout\": 70, \"buy_rate\": 0.95}, \"bac:duoi\": {\"payout\": 70, \"buy_rate\": 0.93}, \"nam:duoi\": {\"payout\": 70, \"buy_rate\": 0.95}, \"trung:dau\": {\"payout\": 70, \"buy_rate\": 0.97}, \"trung:duoi\": {\"payout\": 70, \"buy_rate\": 0.97}, \"bac:xien:x2\": {\"payout\": 15, \"buy_rate\": 0.93}, \"bac:xien:x3\": {\"payout\": 550, \"buy_rate\": 0.91}, \"bac:xien:x4\": {\"payout\": 3500, \"buy_rate\": 0.89}, \"bac:xiu_chu\": {\"payout\": 35, \"buy_rate\": 0.93}, \"nam:xiu_chu\": {\"payout\": 35, \"buy_rate\": 0.95}, \"bac:da_thang\": {\"payout\": 80, \"buy_rate\": 0.93}, \"bac:dau_duoi\": {\"payout\": 70, \"buy_rate\": 0.93}, \"nam:da_thang\": {\"payout\": 80, \"buy_rate\": 0.95}, \"nam:dau_duoi\": {\"payout\": 70, \"buy_rate\": 0.95}, \"bac:bao_lo:d2\": {\"payout\": 80, \"buy_rate\": 0.93}, \"bac:bao_lo:d3\": {\"payout\": 500, \"buy_rate\": 0.9}, \"bac:bao_lo:d4\": {\"payout\": 3000, \"buy_rate\": 0.88}, \"nam:bao_lo:d2\": {\"payout\": 80, \"buy_rate\": 0.95}, \"nam:bao_lo:d3\": {\"payout\": 500, \"buy_rate\": 0.92}, \"nam:bao_lo:d4\": {\"payout\": 3000, \"buy_rate\": 0.8999999999999999}, \"trung:xiu_chu\": {\"payout\": 35, \"buy_rate\": 0.97}, \"bac:da_xien:c2\": {\"payout\": 80, \"buy_rate\": 0.93}, \"bac:da_xien:c3\": {\"payout\": 80, \"buy_rate\": 0.91}, \"bac:da_xien:c4\": {\"payout\": 80, \"buy_rate\": 0.9}, \"nam:da_xien:c2\": {\"payout\": 80, \"buy_rate\": 0.95}, \"nam:da_xien:c3\": {\"payout\": 80, \"buy_rate\": 0.93}, \"nam:da_xien:c4\": {\"payout\": 80, \"buy_rate\": 0.92}, \"trung:da_thang\": {\"payout\": 80, \"buy_rate\": 0.97}, \"trung:dau_duoi\": {\"payout\": 70, \"buy_rate\": 0.97}, \"bac:xiu_chu_dau\": {\"payout\": 35, \"buy_rate\": 0.93}, \"nam:xiu_chu_dau\": {\"payout\": 35, \"buy_rate\": 0.95}, \"trung:bao_lo:d2\": {\"payout\": 80, \"buy_rate\": 0.97}, \"trung:bao_lo:d3\": {\"payout\": 500, \"buy_rate\": 0.94}, \"trung:bao_lo:d4\": {\"payout\": 3000, \"buy_rate\": 0.92}, \"bac:xiu_chu_duoi\": {\"payout\": 35, \"buy_rate\": 0.93}, \"nam:xiu_chu_duoi\": {\"payout\": 35, \"buy_rate\": 0.95}, \"trung:da_xien:c2\": {\"payout\": 80, \"buy_rate\": 0.97}, \"trung:da_xien:c3\": {\"payout\": 80, \"buy_rate\": 0.95}, \"trung:da_xien:c4\": {\"payout\": 80, \"buy_rate\": 0.94}, \"trung:xiu_chu_dau\": {\"payout\": 35, \"buy_rate\": 0.97}, \"trung:xiu_chu_duoi\": {\"payout\": 35, \"buy_rate\": 0.97}}',0.00,0.00,0.00,0.00,0.00,0.00,0.00,0.00,1,'2025-11-01 05:56:00','2025-11-01 05:56:00'),(21,5,'Lạc Trâm','0896175990','{\"bac:dau\": {\"payout\": 70, \"buy_rate\": 0.92}, \"nam:dau\": {\"payout\": 70, \"buy_rate\": 0.92}, \"bac:duoi\": {\"payout\": 70, \"buy_rate\": 0.92}, \"nam:duoi\": {\"payout\": 70, \"buy_rate\": 0.92}, \"trung:dau\": {\"payout\": 70, \"buy_rate\": 0.97}, \"trung:duoi\": {\"payout\": 70, \"buy_rate\": 0.97}, \"bac:xien:x2\": {\"payout\": 15, \"buy_rate\": 0.92}, \"bac:xien:x3\": {\"payout\": 550, \"buy_rate\": 0.9}, \"bac:xien:x4\": {\"payout\": 3500, \"buy_rate\": 0.88}, \"bac:xiu_chu\": {\"payout\": 35, \"buy_rate\": 0.92}, \"nam:xiu_chu\": {\"payout\": 35, \"buy_rate\": 0.92}, \"bac:da_thang\": {\"payout\": 80, \"buy_rate\": 0.92}, \"bac:dau_duoi\": {\"payout\": 70, \"buy_rate\": 0.92}, \"nam:da_thang\": {\"payout\": 80, \"buy_rate\": 0.92}, \"nam:dau_duoi\": {\"payout\": 70, \"buy_rate\": 0.92}, \"bac:bao_lo:d2\": {\"payout\": 80, \"buy_rate\": 0.92}, \"bac:bao_lo:d3\": {\"payout\": 500, \"buy_rate\": 0.89}, \"bac:bao_lo:d4\": {\"payout\": 3000, \"buy_rate\": 0.87}, \"nam:bao_lo:d2\": {\"payout\": 80, \"buy_rate\": 0.92}, \"nam:bao_lo:d3\": {\"payout\": 500, \"buy_rate\": 0.89}, \"nam:bao_lo:d4\": {\"payout\": 3000, \"buy_rate\": 0.87}, \"trung:xiu_chu\": {\"payout\": 35, \"buy_rate\": 0.97}, \"bac:da_xien:c2\": {\"payout\": 80, \"buy_rate\": 0.92}, \"bac:da_xien:c3\": {\"payout\": 80, \"buy_rate\": 0.9}, \"bac:da_xien:c4\": {\"payout\": 80, \"buy_rate\": 0.89}, \"nam:da_xien:c2\": {\"payout\": 80, \"buy_rate\": 0.92}, \"nam:da_xien:c3\": {\"payout\": 80, \"buy_rate\": 0.9}, \"nam:da_xien:c4\": {\"payout\": 80, \"buy_rate\": 0.89}, \"trung:da_thang\": {\"payout\": 80, \"buy_rate\": 0.97}, \"trung:dau_duoi\": {\"payout\": 70, \"buy_rate\": 0.97}, \"bac:xiu_chu_dau\": {\"payout\": 35, \"buy_rate\": 0.92}, \"nam:xiu_chu_dau\": {\"payout\": 35, \"buy_rate\": 0.92}, \"trung:bao_lo:d2\": {\"payout\": 80, \"buy_rate\": 0.97}, \"trung:bao_lo:d3\": {\"payout\": 500, \"buy_rate\": 0.94}, \"trung:bao_lo:d4\": {\"payout\": 3000, \"buy_rate\": 0.92}, \"bac:xiu_chu_duoi\": {\"payout\": 35, \"buy_rate\": 0.92}, \"nam:xiu_chu_duoi\": {\"payout\": 35, \"buy_rate\": 0.92}, \"trung:da_xien:c2\": {\"payout\": 80, \"buy_rate\": 0.97}, \"trung:da_xien:c3\": {\"payout\": 80, \"buy_rate\": 0.95}, \"trung:da_xien:c4\": {\"payout\": 80, \"buy_rate\": 0.94}, \"trung:xiu_chu_dau\": {\"payout\": 35, \"buy_rate\": 0.97}, \"trung:xiu_chu_duoi\": {\"payout\": 35, \"buy_rate\": 0.97}}',0.00,0.00,0.00,0.00,0.00,0.00,0.00,0.00,1,'2025-11-01 05:56:00','2025-11-01 05:56:00'),(22,5,'Thi Bá Phúc','0344224322','{\"bac:dau\": {\"payout\": 70, \"buy_rate\": 0.98}, \"nam:dau\": {\"payout\": 70, \"buy_rate\": 0.94}, \"bac:duoi\": {\"payout\": 70, \"buy_rate\": 0.98}, \"nam:duoi\": {\"payout\": 70, \"buy_rate\": 0.94}, \"trung:dau\": {\"payout\": 70, \"buy_rate\": 0.85}, \"trung:duoi\": {\"payout\": 70, \"buy_rate\": 0.85}, \"bac:xien:x2\": {\"payout\": 15, \"buy_rate\": 0.98}, \"bac:xien:x3\": {\"payout\": 550, \"buy_rate\": 0.96}, \"bac:xien:x4\": {\"payout\": 3500, \"buy_rate\": 0.94}, \"bac:xiu_chu\": {\"payout\": 35, \"buy_rate\": 0.98}, \"nam:xiu_chu\": {\"payout\": 35, \"buy_rate\": 0.94}, \"bac:da_thang\": {\"payout\": 80, \"buy_rate\": 0.98}, \"bac:dau_duoi\": {\"payout\": 70, \"buy_rate\": 0.98}, \"nam:da_thang\": {\"payout\": 80, \"buy_rate\": 0.94}, \"nam:dau_duoi\": {\"payout\": 70, \"buy_rate\": 0.94}, \"bac:bao_lo:d2\": {\"payout\": 80, \"buy_rate\": 0.98}, \"bac:bao_lo:d3\": {\"payout\": 500, \"buy_rate\": 0.95}, \"bac:bao_lo:d4\": {\"payout\": 3000, \"buy_rate\": 0.93}, \"nam:bao_lo:d2\": {\"payout\": 80, \"buy_rate\": 0.94}, \"nam:bao_lo:d3\": {\"payout\": 500, \"buy_rate\": 0.91}, \"nam:bao_lo:d4\": {\"payout\": 3000, \"buy_rate\": 0.8899999999999999}, \"trung:xiu_chu\": {\"payout\": 35, \"buy_rate\": 0.85}, \"bac:da_xien:c2\": {\"payout\": 80, \"buy_rate\": 0.98}, \"bac:da_xien:c3\": {\"payout\": 80, \"buy_rate\": 0.96}, \"bac:da_xien:c4\": {\"payout\": 80, \"buy_rate\": 0.95}, \"nam:da_xien:c2\": {\"payout\": 80, \"buy_rate\": 0.94}, \"nam:da_xien:c3\": {\"payout\": 80, \"buy_rate\": 0.92}, \"nam:da_xien:c4\": {\"payout\": 80, \"buy_rate\": 0.91}, \"trung:da_thang\": {\"payout\": 80, \"buy_rate\": 0.85}, \"trung:dau_duoi\": {\"payout\": 70, \"buy_rate\": 0.85}, \"bac:xiu_chu_dau\": {\"payout\": 35, \"buy_rate\": 0.98}, \"nam:xiu_chu_dau\": {\"payout\": 35, \"buy_rate\": 0.94}, \"trung:bao_lo:d2\": {\"payout\": 80, \"buy_rate\": 0.85}, \"trung:bao_lo:d3\": {\"payout\": 500, \"buy_rate\": 0.82}, \"trung:bao_lo:d4\": {\"payout\": 3000, \"buy_rate\": 0.7999999999999999}, \"bac:xiu_chu_duoi\": {\"payout\": 35, \"buy_rate\": 0.98}, \"nam:xiu_chu_duoi\": {\"payout\": 35, \"buy_rate\": 0.94}, \"trung:da_xien:c2\": {\"payout\": 80, \"buy_rate\": 0.85}, \"trung:da_xien:c3\": {\"payout\": 80, \"buy_rate\": 0.83}, \"trung:da_xien:c4\": {\"payout\": 80, \"buy_rate\": 0.82}, \"trung:xiu_chu_dau\": {\"payout\": 35, \"buy_rate\": 0.85}, \"trung:xiu_chu_duoi\": {\"payout\": 35, \"buy_rate\": 0.85}}',0.00,0.00,0.00,0.00,0.00,0.00,0.00,0.00,1,'2025-11-01 05:56:00','2025-11-01 05:56:00'),(23,5,'Nhâm Oanh Băng','0968285460','{\"bac:dau\": {\"payout\": 70, \"buy_rate\": 0.89}, \"nam:dau\": {\"payout\": 70, \"buy_rate\": 0.88}, \"bac:duoi\": {\"payout\": 70, \"buy_rate\": 0.89}, \"nam:duoi\": {\"payout\": 70, \"buy_rate\": 0.88}, \"trung:dau\": {\"payout\": 70, \"buy_rate\": 0.87}, \"trung:duoi\": {\"payout\": 70, \"buy_rate\": 0.87}, \"bac:xien:x2\": {\"payout\": 15, \"buy_rate\": 0.89}, \"bac:xien:x3\": {\"payout\": 550, \"buy_rate\": 0.87}, \"bac:xien:x4\": {\"payout\": 3500, \"buy_rate\": 0.85}, \"bac:xiu_chu\": {\"payout\": 35, \"buy_rate\": 0.89}, \"nam:xiu_chu\": {\"payout\": 35, \"buy_rate\": 0.88}, \"bac:da_thang\": {\"payout\": 80, \"buy_rate\": 0.89}, \"bac:dau_duoi\": {\"payout\": 70, \"buy_rate\": 0.89}, \"nam:da_thang\": {\"payout\": 80, \"buy_rate\": 0.88}, \"nam:dau_duoi\": {\"payout\": 70, \"buy_rate\": 0.88}, \"bac:bao_lo:d2\": {\"payout\": 80, \"buy_rate\": 0.89}, \"bac:bao_lo:d3\": {\"payout\": 500, \"buy_rate\": 0.86}, \"bac:bao_lo:d4\": {\"payout\": 3000, \"buy_rate\": 0.84}, \"nam:bao_lo:d2\": {\"payout\": 80, \"buy_rate\": 0.88}, \"nam:bao_lo:d3\": {\"payout\": 500, \"buy_rate\": 0.85}, \"nam:bao_lo:d4\": {\"payout\": 3000, \"buy_rate\": 0.83}, \"trung:xiu_chu\": {\"payout\": 35, \"buy_rate\": 0.87}, \"bac:da_xien:c2\": {\"payout\": 80, \"buy_rate\": 0.89}, \"bac:da_xien:c3\": {\"payout\": 80, \"buy_rate\": 0.87}, \"bac:da_xien:c4\": {\"payout\": 80, \"buy_rate\": 0.86}, \"nam:da_xien:c2\": {\"payout\": 80, \"buy_rate\": 0.88}, \"nam:da_xien:c3\": {\"payout\": 80, \"buy_rate\": 0.86}, \"nam:da_xien:c4\": {\"payout\": 80, \"buy_rate\": 0.85}, \"trung:da_thang\": {\"payout\": 80, \"buy_rate\": 0.87}, \"trung:dau_duoi\": {\"payout\": 70, \"buy_rate\": 0.87}, \"bac:xiu_chu_dau\": {\"payout\": 35, \"buy_rate\": 0.89}, \"nam:xiu_chu_dau\": {\"payout\": 35, \"buy_rate\": 0.88}, \"trung:bao_lo:d2\": {\"payout\": 80, \"buy_rate\": 0.87}, \"trung:bao_lo:d3\": {\"payout\": 500, \"buy_rate\": 0.84}, \"trung:bao_lo:d4\": {\"payout\": 3000, \"buy_rate\": 0.82}, \"bac:xiu_chu_duoi\": {\"payout\": 35, \"buy_rate\": 0.89}, \"nam:xiu_chu_duoi\": {\"payout\": 35, \"buy_rate\": 0.88}, \"trung:da_xien:c2\": {\"payout\": 80, \"buy_rate\": 0.87}, \"trung:da_xien:c3\": {\"payout\": 80, \"buy_rate\": 0.85}, \"trung:da_xien:c4\": {\"payout\": 80, \"buy_rate\": 0.84}, \"trung:xiu_chu_dau\": {\"payout\": 35, \"buy_rate\": 0.87}, \"trung:xiu_chu_duoi\": {\"payout\": 35, \"buy_rate\": 0.87}}',0.00,0.00,0.00,0.00,0.00,0.00,0.00,0.00,1,'2025-11-01 05:56:00','2025-11-01 05:56:00'),(24,5,'Chu Hữu Toản','0862724508','{\"bac:dau\": {\"payout\": 70, \"buy_rate\": 0.94}, \"nam:dau\": {\"payout\": 70, \"buy_rate\": 1}, \"bac:duoi\": {\"payout\": 70, \"buy_rate\": 0.94}, \"nam:duoi\": {\"payout\": 70, \"buy_rate\": 1}, \"trung:dau\": {\"payout\": 70, \"buy_rate\": 0.87}, \"trung:duoi\": {\"payout\": 70, \"buy_rate\": 0.87}, \"bac:xien:x2\": {\"payout\": 15, \"buy_rate\": 0.94}, \"bac:xien:x3\": {\"payout\": 550, \"buy_rate\": 0.92}, \"bac:xien:x4\": {\"payout\": 3500, \"buy_rate\": 0.8999999999999999}, \"bac:xiu_chu\": {\"payout\": 35, \"buy_rate\": 0.94}, \"nam:xiu_chu\": {\"payout\": 35, \"buy_rate\": 1}, \"bac:da_thang\": {\"payout\": 80, \"buy_rate\": 0.94}, \"bac:dau_duoi\": {\"payout\": 70, \"buy_rate\": 0.94}, \"nam:da_thang\": {\"payout\": 80, \"buy_rate\": 1}, \"nam:dau_duoi\": {\"payout\": 70, \"buy_rate\": 1}, \"bac:bao_lo:d2\": {\"payout\": 80, \"buy_rate\": 0.94}, \"bac:bao_lo:d3\": {\"payout\": 500, \"buy_rate\": 0.91}, \"bac:bao_lo:d4\": {\"payout\": 3000, \"buy_rate\": 0.8899999999999999}, \"nam:bao_lo:d2\": {\"payout\": 80, \"buy_rate\": 1}, \"nam:bao_lo:d3\": {\"payout\": 500, \"buy_rate\": 0.97}, \"nam:bao_lo:d4\": {\"payout\": 3000, \"buy_rate\": 0.95}, \"trung:xiu_chu\": {\"payout\": 35, \"buy_rate\": 0.87}, \"bac:da_xien:c2\": {\"payout\": 80, \"buy_rate\": 0.94}, \"bac:da_xien:c3\": {\"payout\": 80, \"buy_rate\": 0.92}, \"bac:da_xien:c4\": {\"payout\": 80, \"buy_rate\": 0.91}, \"nam:da_xien:c2\": {\"payout\": 80, \"buy_rate\": 1}, \"nam:da_xien:c3\": {\"payout\": 80, \"buy_rate\": 0.98}, \"nam:da_xien:c4\": {\"payout\": 80, \"buy_rate\": 0.97}, \"trung:da_thang\": {\"payout\": 80, \"buy_rate\": 0.87}, \"trung:dau_duoi\": {\"payout\": 70, \"buy_rate\": 0.87}, \"bac:xiu_chu_dau\": {\"payout\": 35, \"buy_rate\": 0.94}, \"nam:xiu_chu_dau\": {\"payout\": 35, \"buy_rate\": 1}, \"trung:bao_lo:d2\": {\"payout\": 80, \"buy_rate\": 0.87}, \"trung:bao_lo:d3\": {\"payout\": 500, \"buy_rate\": 0.84}, \"trung:bao_lo:d4\": {\"payout\": 3000, \"buy_rate\": 0.82}, \"bac:xiu_chu_duoi\": {\"payout\": 35, \"buy_rate\": 0.94}, \"nam:xiu_chu_duoi\": {\"payout\": 35, \"buy_rate\": 1}, \"trung:da_xien:c2\": {\"payout\": 80, \"buy_rate\": 0.87}, \"trung:da_xien:c3\": {\"payout\": 80, \"buy_rate\": 0.85}, \"trung:da_xien:c4\": {\"payout\": 80, \"buy_rate\": 0.84}, \"trung:xiu_chu_dau\": {\"payout\": 35, \"buy_rate\": 0.87}, \"trung:xiu_chu_duoi\": {\"payout\": 35, \"buy_rate\": 0.87}}',0.00,0.00,0.00,0.00,0.00,0.00,0.00,0.00,0,'2025-11-01 05:56:00','2025-11-01 05:56:00'),(25,2,'Nguyễn Nam','0967567121',NULL,3500000.00,756000.00,3500000.00,756000.00,0.00,0.00,0.00,0.00,1,'2025-11-01 16:47:52','2025-11-02 16:57:44'),(26,2,'Hoàng','0967567122','{\"bac:de_dau\": {\"payout\": 80, \"buy_rate\": 0.7}, \"nam:de_dau\": {\"payout\": 0, \"buy_rate\": 1}, \"bac:de_duoi\": {\"payout\": 70, \"buy_rate\": 0.7}, \"bac:xien:x2\": {\"payout\": 10, \"buy_rate\": 0.56}, \"bac:xien:x3\": {\"payout\": 40, \"buy_rate\": 0.56}, \"bac:xien:x4\": {\"payout\": 100, \"buy_rate\": 0.56}, \"bac:xiu_chu\": {\"payout\": 600, \"buy_rate\": 0.7}, \"nam:de_duoi\": {\"payout\": 0, \"buy_rate\": 1}, \"nam:xien:x2\": {\"payout\": 10, \"buy_rate\": 0.56}, \"nam:xien:x3\": {\"payout\": 10, \"buy_rate\": 0.56}, \"nam:xien:x4\": {\"payout\": 10, \"buy_rate\": 0.56}, \"nam:xiu_chu\": {\"payout\": 600, \"buy_rate\": 0.7}, \"trung:de_dau\": {\"payout\": 0, \"buy_rate\": 1}, \"bac:bao_lo:d2\": {\"payout\": 70, \"buy_rate\": 0.7}, \"bac:bao_lo:d3\": {\"payout\": 600, \"buy_rate\": 0.7}, \"bac:bao_lo:d4\": {\"payout\": 5000, \"buy_rate\": 0.7}, \"bac:de_duoi_4\": {\"payout\": 5000, \"buy_rate\": 0.7}, \"nam:bao_lo:d2\": {\"payout\": 70, \"buy_rate\": 0.7}, \"nam:bao_lo:d3\": {\"payout\": 600, \"buy_rate\": 0.7}, \"nam:bao_lo:d4\": {\"payout\": 5000, \"buy_rate\": 0.7}, \"nam:bay_lo:d2\": {\"payout\": 70, \"buy_rate\": 0.7}, \"nam:bay_lo:d3\": {\"payout\": 650, \"buy_rate\": 0.7}, \"nam:de_duoi_4\": {\"payout\": 0, \"buy_rate\": 1}, \"trung:de_duoi\": {\"payout\": 0, \"buy_rate\": 1}, \"trung:xien:x2\": {\"payout\": 10, \"buy_rate\": 0.56}, \"trung:xien:x3\": {\"payout\": 10, \"buy_rate\": 0.56}, \"trung:xien:x4\": {\"payout\": 10, \"buy_rate\": 0.56}, \"trung:xiu_chu\": {\"payout\": 600, \"buy_rate\": 0.7}, \"bac:da_xien:c2\": {\"payout\": 600, \"buy_rate\": 0.7}, \"nam:da_xien:c2\": {\"payout\": 600, \"buy_rate\": 0.7}, \"bac:da_thang:c1\": {\"payout\": 600, \"buy_rate\": 0.7}, \"nam:da_thang:c1\": {\"payout\": 600, \"buy_rate\": 0.7}, \"trung:bao_lo:d2\": {\"payout\": 70, \"buy_rate\": 0.7}, \"trung:bao_lo:d3\": {\"payout\": 600, \"buy_rate\": 0.7}, \"trung:bao_lo:d4\": {\"payout\": 5000, \"buy_rate\": 0.7}, \"trung:bay_lo:d2\": {\"payout\": 70, \"buy_rate\": 0.7}, \"trung:bay_lo:d3\": {\"payout\": 650, \"buy_rate\": 0.7}, \"trung:de_duoi_4\": {\"payout\": 0, \"buy_rate\": 1}, \"trung:da_xien:c2\": {\"payout\": 600, \"buy_rate\": 0.7}, \"trung:da_thang:c1\": {\"payout\": 600, \"buy_rate\": 0.7}}',0.00,126000.00,0.00,126000.00,0.00,0.00,0.00,0.00,1,'2025-11-01 16:59:42','2025-11-02 16:52:42');
/*!40000 ALTER TABLE `customers` ENABLE KEYS */;
UNLOCK TABLES;
--
-- Table structure for table `failed_jobs`
--
DROP TABLE IF EXISTS `failed_jobs`;
/*!40101 SET @saved_cs_client     = @@character_set_client */;
/*!50503 SET character_set_client = utf8mb4 */;
CREATE TABLE `failed_jobs` (
  `id` bigint unsigned NOT NULL AUTO_INCREMENT,
  `uuid` varchar(255) COLLATE utf8mb4_unicode_ci NOT NULL,
  `connection` text COLLATE utf8mb4_unicode_ci NOT NULL,
  `queue` text COLLATE utf8mb4_unicode_ci NOT NULL,
  `payload` longtext COLLATE utf8mb4_unicode_ci NOT NULL,
  `exception` longtext COLLATE utf8mb4_unicode_ci NOT NULL,
  `failed_at` timestamp NOT NULL DEFAULT CURRENT_TIMESTAMP,
  PRIMARY KEY (`id`),
  UNIQUE KEY `failed_jobs_uuid_unique` (`uuid`)
) ENGINE=InnoDB DEFAULT CHARSET=utf8mb4 COLLATE=utf8mb4_unicode_ci;
/*!40101 SET character_set_client = @saved_cs_client */;
--
-- Dumping data for table `failed_jobs`
--
LOCK TABLES `failed_jobs` WRITE;
/*!40000 ALTER TABLE `failed_jobs` DISABLE KEYS */;
/*!40000 ALTER TABLE `failed_jobs` ENABLE KEYS */;
UNLOCK TABLES;
--
-- Table structure for table `job_batches`
--
DROP TABLE IF EXISTS `job_batches`;
/*!40101 SET @saved_cs_client     = @@character_set_client */;
/*!50503 SET character_set_client = utf8mb4 */;
CREATE TABLE `job_batches` (
  `id` varchar(255) COLLATE utf8mb4_unicode_ci NOT NULL,
  `name` varchar(255) COLLATE utf8mb4_unicode_ci NOT NULL,
  `total_jobs` int NOT NULL,
  `pending_jobs` int NOT NULL,
  `failed_jobs` int NOT NULL,
  `failed_job_ids` longtext COLLATE utf8mb4_unicode_ci NOT NULL,
  `options` mediumtext COLLATE utf8mb4_unicode_ci,
  `cancelled_at` int DEFAULT NULL,
  `created_at` int NOT NULL,
  `finished_at` int DEFAULT NULL,
  PRIMARY KEY (`id`)
) ENGINE=InnoDB DEFAULT CHARSET=utf8mb4 COLLATE=utf8mb4_unicode_ci;
/*!40101 SET character_set_client = @saved_cs_client */;
--
-- Dumping data for table `job_batches`
--
LOCK TABLES `job_batches` WRITE;
/*!40000 ALTER TABLE `job_batches` DISABLE KEYS */;
/*!40000 ALTER TABLE `job_batches` ENABLE KEYS */;
UNLOCK TABLES;
--
-- Table structure for table `jobs`
--
DROP TABLE IF EXISTS `jobs`;
/*!40101 SET @saved_cs_client     = @@character_set_client */;
/*!50503 SET character_set_client = utf8mb4 */;
CREATE TABLE `jobs` (
  `id` bigint unsigned NOT NULL AUTO_INCREMENT,
  `queue` varchar(255) COLLATE utf8mb4_unicode_ci NOT NULL,
  `payload` longtext COLLATE utf8mb4_unicode_ci NOT NULL,
  `attempts` tinyint unsigned NOT NULL,
  `reserved_at` int unsigned DEFAULT NULL,
  `available_at` int unsigned NOT NULL,
  `created_at` int unsigned NOT NULL,
  PRIMARY KEY (`id`),
  KEY `jobs_queue_index` (`queue`)
) ENGINE=InnoDB DEFAULT CHARSET=utf8mb4 COLLATE=utf8mb4_unicode_ci;
/*!40101 SET character_set_client = @saved_cs_client */;
--
-- Dumping data for table `jobs`
--
LOCK TABLES `jobs` WRITE;
/*!40000 ALTER TABLE `jobs` DISABLE KEYS */;
/*!40000 ALTER TABLE `jobs` ENABLE KEYS */;
UNLOCK TABLES;
--
-- Table structure for table `lottery_results`
--
DROP TABLE IF EXISTS `lottery_results`;
/*!40101 SET @saved_cs_client     = @@character_set_client */;
/*!50503 SET character_set_client = utf8mb4 */;
CREATE TABLE `lottery_results` (
  `id` bigint unsigned NOT NULL AUTO_INCREMENT,
  `draw_date` date NOT NULL,
  `region` varchar(10) COLLATE utf8mb4_unicode_ci NOT NULL,
  `station` varchar(255) COLLATE utf8mb4_unicode_ci NOT NULL,
  `station_code` varchar(255) COLLATE utf8mb4_unicode_ci NOT NULL,
  `prizes` json NOT NULL,
  `all_numbers` json NOT NULL,
  `db_full` varchar(255) COLLATE utf8mb4_unicode_ci DEFAULT NULL,
  `db_first2` varchar(2) COLLATE utf8mb4_unicode_ci DEFAULT NULL,
  `db_last2` varchar(2) COLLATE utf8mb4_unicode_ci DEFAULT NULL,
  `db_first3` varchar(3) COLLATE utf8mb4_unicode_ci DEFAULT NULL,
  `db_last3` varchar(3) COLLATE utf8mb4_unicode_ci DEFAULT NULL,
  `tails2_counts` json NOT NULL,
  `tails3_counts` json NOT NULL,
  `heads2_counts` json DEFAULT NULL,
  `created_at` timestamp NULL DEFAULT NULL,
  `updated_at` timestamp NULL DEFAULT NULL,
  PRIMARY KEY (`id`),
  UNIQUE KEY `lottery_results_draw_date_station_code_unique` (`draw_date`,`station_code`),
  KEY `lottery_results_draw_date_index` (`draw_date`),
  KEY `lottery_results_region_index` (`region`),
  KEY `lottery_results_station_code_index` (`station_code`)
) ENGINE=InnoDB AUTO_INCREMENT=25 DEFAULT CHARSET=utf8mb4 COLLATE=utf8mb4_unicode_ci;
/*!40101 SET character_set_client = @saved_cs_client */;
--
-- Dumping data for table `lottery_results`
--
LOCK TABLES `lottery_results` WRITE;
/*!40000 ALTER TABLE `lottery_results` DISABLE KEYS */;
INSERT INTO `lottery_results` VALUES (1,'2025-10-31','nam','vĩnh long','vl','{\"db\": [\"930283\"], \"g1\": [\"62899\"], \"g2\": [\"87633\"], \"g3\": [\"93714\", \"97800\"], \"g4\": [\"61200\", \"27998\", \"11875\", \"35621\", \"46523\", \"26162\", \"28102\"], \"g5\": [\"9483\"], \"g6\": [\"1110\", \"8745\", \"5911\"], \"g7\": [\"306\"], \"g8\": [\"16\"]}','[\"16\", \"306\", \"1110\", \"8745\", \"5911\", \"9483\", \"61200\", \"27998\", \"11875\", \"35621\", \"46523\", \"26162\", \"28102\", \"93714\", \"97800\", \"87633\", \"62899\", \"930283\"]','930283','93','83','930','283','{\"00\": 2, \"02\": 1, \"06\": 1, \"10\": 1, \"11\": 1, \"14\": 1, \"16\": 1, \"21\": 1, \"23\": 1, \"33\": 1, \"45\": 1, \"62\": 1, \"75\": 1, \"83\": 2, \"98\": 1, \"99\": 1}','{\"102\": 1, \"110\": 1, \"162\": 1, \"200\": 1, \"283\": 1, \"306\": 1, \"483\": 1, \"523\": 1, \"621\": 1, \"633\": 1, \"714\": 1, \"745\": 1, \"800\": 1, \"875\": 1, \"899\": 1, \"911\": 1, \"998\": 1}','{\"11\": 2, \"16\": 1, \"26\": 1, \"27\": 1, \"28\": 1, \"30\": 1, \"35\": 1, \"46\": 1, \"59\": 1, \"61\": 1, \"62\": 1, \"87\": 2, \"93\": 2, \"94\": 1, \"97\": 1}','2025-11-01 15:16:29','2025-11-01 15:16:29'),(2,'2025-10-31','nam','bình dương','bd','{\"db\": [\"553465\"], \"g1\": [\"11659\"], \"g2\": [\"63001\"], \"g3\": [\"32008\", \"48927\"], \"g4\": [\"56403\", \"96114\", \"03236\", \"46948\", \"16644\", \"58495\", \"70057\"], \"g5\": [\"1122\"], \"g6\": [\"5669\", \"5934\", \"6713\"], \"g7\": [\"605\"], \"g8\": [\"64\"]}','[\"64\", \"605\", \"5669\", \"5934\", \"6713\", \"1122\", \"56403\", \"96114\", \"03236\", \"46948\", \"16644\", \"58495\", \"70057\", \"32008\", \"48927\", \"63001\", \"11659\", \"553465\"]','553465','55','65','553','465','{\"01\": 1, \"03\": 1, \"05\": 1, \"08\": 1, \"13\": 1, \"14\": 1, \"22\": 1, \"27\": 1, \"34\": 1, \"36\": 1, \"44\": 1, \"48\": 1, \"57\": 1, \"59\": 1, \"64\": 1, \"65\": 1, \"69\": 1, \"95\": 1}','{\"001\": 1, \"008\": 1, \"057\": 1, \"114\": 1, \"122\": 1, \"236\": 1, \"403\": 1, \"465\": 1, \"495\": 1, \"605\": 1, \"644\": 1, \"659\": 1, \"669\": 1, \"713\": 1, \"927\": 1, \"934\": 1, \"948\": 1}','{\"03\": 1, \"11\": 2, \"16\": 1, \"32\": 1, \"46\": 1, \"48\": 1, \"55\": 1, \"56\": 2, \"58\": 1, \"59\": 1, \"60\": 1, \"63\": 1, \"64\": 1, \"67\": 1, \"70\": 1, \"96\": 1}','2025-11-01 15:16:29','2025-11-01 15:16:29'),(3,'2025-10-31','nam','trà vinh','tv','{\"db\": [\"342489\"], \"g1\": [\"77213\"], \"g2\": [\"59948\"], \"g3\": [\"61105\", \"58110\"], \"g4\": [\"28198\", \"56480\", \"26490\", \"96178\", \"77616\", \"26060\", \"47151\"], \"g5\": [\"6022\"], \"g6\": [\"3864\", \"1095\", \"9864\"], \"g7\": [\"397\"], \"g8\": [\"91\"]}','[\"91\", \"397\", \"3864\", \"1095\", \"9864\", \"6022\", \"28198\", \"56480\", \"26490\", \"96178\", \"77616\", \"26060\", \"47151\", \"61105\", \"58110\", \"59948\", \"77213\", \"342489\"]','342489','34','89','342','489','{\"05\": 1, \"10\": 1, \"13\": 1, \"16\": 1, \"22\": 1, \"48\": 1, \"51\": 1, \"60\": 1, \"64\": 2, \"78\": 1, \"80\": 1, \"89\": 1, \"90\": 1, \"91\": 1, \"95\": 1, \"97\": 1, \"98\": 1}','{\"022\": 1, \"060\": 1, \"095\": 1, \"105\": 1, \"110\": 1, \"151\": 1, \"178\": 1, \"198\": 1, \"213\": 1, \"397\": 1, \"480\": 1, \"489\": 1, \"490\": 1, \"616\": 1, \"864\": 2, \"948\": 1}','{\"10\": 1, \"26\": 2, \"28\": 1, \"34\": 1, \"38\": 1, \"39\": 1, \"47\": 1, \"56\": 1, \"58\": 1, \"59\": 1, \"60\": 1, \"61\": 1, \"77\": 2, \"91\": 1, \"96\": 1, \"98\": 1}','2025-11-01 15:16:29','2025-11-01 15:16:29'),(4,'2025-11-02','nam','tiền giang','tg','{\"db\": [\"145445\"], \"g1\": [\"07484\"], \"g2\": [\"96286\"], \"g3\": [\"96138\", \"21031\"], \"g4\": [\"10197\", \"17799\", \"77504\", \"86857\", \"73099\", \"03363\", \"20852\"], \"g5\": [\"6286\"], \"g6\": [\"4570\", \"1528\", \"1385\"], \"g7\": [\"208\"], \"g8\": [\"87\"]}','[\"87\", \"208\", \"4570\", \"1528\", \"1385\", \"6286\", \"10197\", \"17799\", \"77504\", \"86857\", \"73099\", \"03363\", \"20852\", \"96138\", \"21031\", \"96286\", \"07484\", \"145445\"]','145445','14','45','145','445','{\"04\": 1, \"08\": 1, \"28\": 1, \"31\": 1, \"38\": 1, \"45\": 1, \"52\": 1, \"57\": 1, \"63\": 1, \"70\": 1, \"84\": 1, \"85\": 1, \"86\": 2, \"87\": 1, \"97\": 1, \"99\": 2}','{\"031\": 1, \"099\": 1, \"138\": 1, \"197\": 1, \"208\": 1, \"286\": 2, \"363\": 1, \"385\": 1, \"445\": 1, \"484\": 1, \"504\": 1, \"528\": 1, \"570\": 1, \"799\": 1, \"852\": 1, \"857\": 1}','{\"03\": 1, \"07\": 1, \"10\": 1, \"13\": 1, \"14\": 1, \"15\": 1, \"17\": 1, \"20\": 2, \"21\": 1, \"45\": 1, \"62\": 1, \"73\": 1, \"77\": 1, \"86\": 1, \"87\": 1, \"96\": 2}','2025-11-02 14:59:31','2025-11-03 21:29:37'),(5,'2025-11-02','nam','kiên giang','kg','{\"db\": [\"145989\"], \"g1\": [\"89226\"], \"g2\": [\"24059\"], \"g3\": [\"19367\", \"87850\"], \"g4\": [\"38417\", \"97126\", \"06209\", \"07161\", \"10905\", \"36124\", \"61405\"], \"g5\": [\"7112\"], \"g6\": [\"3255\", \"6918\", \"9899\"], \"g7\": [\"851\"], \"g8\": [\"51\"]}','[\"51\", \"851\", \"3255\", \"6918\", \"9899\", \"7112\", \"38417\", \"97126\", \"06209\", \"07161\", \"10905\", \"36124\", \"61405\", \"19367\", \"87850\", \"24059\", \"89226\", \"145989\"]','145989','14','89','145','989','{\"05\": 2, \"09\": 1, \"12\": 1, \"17\": 1, \"18\": 1, \"24\": 1, \"26\": 2, \"50\": 1, \"51\": 2, \"55\": 1, \"59\": 1, \"61\": 1, \"67\": 1, \"89\": 1, \"99\": 1}','{\"059\": 1, \"112\": 1, \"124\": 1, \"126\": 1, \"161\": 1, \"209\": 1, \"226\": 1, \"255\": 1, \"367\": 1, \"405\": 1, \"417\": 1, \"850\": 1, \"851\": 1, \"899\": 1, \"905\": 1, \"918\": 1, \"989\": 1}','{\"06\": 1, \"07\": 1, \"10\": 1, \"14\": 1, \"19\": 1, \"24\": 1, \"32\": 1, \"36\": 1, \"38\": 1, \"51\": 1, \"61\": 1, \"69\": 1, \"71\": 1, \"85\": 1, \"87\": 1, \"89\": 1, \"97\": 1, \"98\": 1}','2025-11-02 14:59:31','2025-11-03 21:29:37'),(6,'2025-11-02','nam','đà lạt','dl','{\"db\": [\"685624\"], \"g1\": [\"59645\"], \"g2\": [\"57241\"], \"g3\": [\"16340\", \"64059\"], \"g4\": [\"37096\", \"64733\", \"68210\", \"92212\", \"41230\", \"80738\", \"79770\"], \"g5\": [\"9847\"], \"g6\": [\"3764\", \"4326\", \"6857\"], \"g7\": [\"612\"], \"g8\": [\"41\"]}','[\"41\", \"612\", \"3764\", \"4326\", \"6857\", \"9847\", \"37096\", \"64733\", \"68210\", \"92212\", \"41230\", \"80738\", \"79770\", \"16340\", \"64059\", \"57241\", \"59645\", \"685624\"]','685624','68','24','685','624','{\"10\": 1, \"12\": 2, \"24\": 1, \"26\": 1, \"30\": 1, \"33\": 1, \"38\": 1, \"40\": 1, \"41\": 2, \"45\": 1, \"47\": 1, \"57\": 1, \"59\": 1, \"64\": 1, \"70\": 1, \"96\": 1}','{\"059\": 1, \"096\": 1, \"210\": 1, \"212\": 1, \"230\": 1, \"241\": 1, \"326\": 1, \"340\": 1, \"612\": 1, \"624\": 1, \"645\": 1, \"733\": 1, \"738\": 1, \"764\": 1, \"770\": 1, \"847\": 1, \"857\": 1}','{\"16\": 1, \"37\": 2, \"41\": 2, \"43\": 1, \"57\": 1, \"59\": 1, \"61\": 1, \"64\": 2, \"68\": 3, \"79\": 1, \"80\": 1, \"92\": 1, \"98\": 1}','2025-11-02 14:59:31','2025-11-03 21:29:37'),(7,'2025-11-02','trung','khánh hòa','kh','{\"db\": [\"471493\"], \"g1\": [\"18234\"], \"g2\": [\"36902\"], \"g3\": [\"92569\", \"33339\"], \"g4\": [\"59159\", \"31465\", \"44770\", \"25686\", \"44102\", \"63367\", \"47672\"], \"g5\": [\"7479\"], \"g6\": [\"1234\", \"1967\", \"2391\"], \"g7\": [\"306\"], \"g8\": [\"37\"]}','[\"37\", \"306\", \"1234\", \"1967\", \"2391\", \"7479\", \"59159\", \"31465\", \"44770\", \"25686\", \"44102\", \"63367\", \"47672\", \"92569\", \"33339\", \"36902\", \"18234\", \"471493\"]','471493','47','93','471','493','{\"02\": 2, \"06\": 1, \"34\": 2, \"37\": 1, \"39\": 1, \"59\": 1, \"65\": 1, \"67\": 2, \"69\": 1, \"70\": 1, \"72\": 1, \"79\": 1, \"86\": 1, \"91\": 1, \"93\": 1}','{\"102\": 1, \"159\": 1, \"234\": 2, \"306\": 1, \"339\": 1, \"367\": 1, \"391\": 1, \"465\": 1, \"479\": 1, \"493\": 1, \"569\": 1, \"672\": 1, \"686\": 1, \"770\": 1, \"902\": 1, \"967\": 1}','{\"12\": 1, \"18\": 1, \"19\": 1, \"23\": 1, \"25\": 1, \"30\": 1, \"31\": 1, \"33\": 1, \"36\": 1, \"37\": 1, \"44\": 2, \"47\": 2, \"59\": 1, \"63\": 1, \"74\": 1, \"92\": 1}','2025-11-03 21:29:37','2025-11-03 21:29:37'),(8,'2025-11-02','trung','kon tum','kt','{\"db\": [\"298365\"], \"g1\": [\"64184\"], \"g2\": [\"42753\"], \"g3\": [\"33049\", \"58127\"], \"g4\": [\"05246\", \"43492\", \"92990\", \"02745\", \"94900\", \"79032\", \"14307\"], \"g5\": [\"2685\"], \"g6\": [\"9025\", \"3008\", \"8957\"], \"g7\": [\"197\"], \"g8\": [\"53\"]}','[\"53\", \"197\", \"9025\", \"3008\", \"8957\", \"2685\", \"05246\", \"43492\", \"92990\", \"02745\", \"94900\", \"79032\", \"14307\", \"33049\", \"58127\", \"42753\", \"64184\", \"298365\"]','298365','29','65','298','365','{\"00\": 1, \"07\": 1, \"08\": 1, \"25\": 1, \"27\": 1, \"32\": 1, \"45\": 1, \"46\": 1, \"49\": 1, \"53\": 2, \"57\": 1, \"65\": 1, \"84\": 1, \"85\": 1, \"90\": 1, \"92\": 1, \"97\": 1}','{\"008\": 1, \"025\": 1, \"032\": 1, \"049\": 1, \"127\": 1, \"184\": 1, \"197\": 1, \"246\": 1, \"307\": 1, \"365\": 1, \"492\": 1, \"685\": 1, \"745\": 1, \"753\": 1, \"900\": 1, \"957\": 1, \"990\": 1}','{\"02\": 1, \"05\": 1, \"14\": 1, \"19\": 1, \"26\": 1, \"29\": 1, \"30\": 1, \"33\": 1, \"42\": 1, \"43\": 1, \"53\": 1, \"58\": 1, \"64\": 1, \"79\": 1, \"89\": 1, \"90\": 1, \"92\": 1, \"94\": 1}','2025-11-03 21:29:37','2025-11-03 21:29:37'),(9,'2025-11-02','trung','huế','tth','{\"db\": [\"481121\"], \"g1\": [\"43639\"], \"g2\": [\"45610\"], \"g3\": [\"27934\", \"28079\"], \"g4\": [\"34139\", \"22691\", \"04117\", \"07588\", \"79824\", \"67689\", \"80940\"], \"g5\": [\"3926\"], \"g6\": [\"8616\", \"9807\", \"6020\"], \"g7\": [\"314\"], \"g8\": [\"71\"]}','[\"71\", \"314\", \"8616\", \"9807\", \"6020\", \"3926\", \"34139\", \"22691\", \"04117\", \"07588\", \"79824\", \"67689\", \"80940\", \"27934\", \"28079\", \"45610\", \"43639\", \"481121\"]','481121','48','21','481','121','{\"07\": 1, \"10\": 1, \"14\": 1, \"16\": 1, \"17\": 1, \"20\": 1, \"21\": 1, \"24\": 1, \"26\": 1, \"34\": 1, \"39\": 2, \"40\": 1, \"71\": 1, \"79\": 1, \"88\": 1, \"89\": 1, \"91\": 1}','{\"020\": 1, \"079\": 1, \"117\": 1, \"121\": 1, \"139\": 1, \"314\": 1, \"588\": 1, \"610\": 1, \"616\": 1, \"639\": 1, \"689\": 1, \"691\": 1, \"807\": 1, \"824\": 1, \"926\": 1, \"934\": 1, \"940\": 1}','{\"04\": 1, \"07\": 1, \"22\": 1, \"27\": 1, \"28\": 1, \"31\": 1, \"34\": 1, \"39\": 1, \"43\": 1, \"45\": 1, \"48\": 1, \"60\": 1, \"67\": 1, \"71\": 1, \"79\": 1, \"80\": 1, \"86\": 1, \"98\": 1}','2025-11-03 21:29:37','2025-11-03 21:29:37'),(10,'2025-11-02','bac','mien bac','mb','{\"db\": [\"36267\"], \"g1\": [\"58758\"], \"g2\": [\"87931\", \"87313\"], \"g3\": [\"53221\", \"54786\", \"52122\", \"49916\", \"07577\", \"42184\"], \"g4\": [\"3972\", \"1521\", \"3911\", \"1549\"], \"g5\": [\"8669\", \"7169\", \"9806\", \"2575\", \"8439\", \"0980\"], \"g6\": [\"111\", \"332\", \"742\"], \"g7\": [\"39\", \"75\", \"62\", \"92\"], \"g8\": []}','[\"39\", \"75\", \"62\", \"92\", \"111\", \"332\", \"742\", \"8669\", \"7169\", \"9806\", \"2575\", \"8439\", \"0980\", \"3972\", \"1521\", \"3911\", \"1549\", \"53221\", \"54786\", \"52122\", \"49916\", \"07577\", \"42184\", \"87931\", \"87313\", \"58758\", \"36267\"]','36267','36','67','362','267','{\"06\": 1, \"11\": 2, \"13\": 1, \"16\": 1, \"21\": 2, \"22\": 1, \"31\": 1, \"32\": 1, \"39\": 2, \"42\": 1, \"49\": 1, \"58\": 1, \"62\": 1, \"67\": 1, \"69\": 2, \"72\": 1, \"75\": 2, \"77\": 1, \"80\": 1, \"84\": 1, \"86\": 1, \"92\": 1}','{\"111\": 1, \"122\": 1, \"169\": 1, \"184\": 1, \"221\": 1, \"267\": 1, \"313\": 1, \"332\": 1, \"439\": 1, \"521\": 1, \"549\": 1, \"575\": 1, \"577\": 1, \"669\": 1, \"742\": 1, \"758\": 1, \"786\": 1, \"806\": 1, \"911\": 1, \"916\": 1, \"931\": 1, \"972\": 1, \"980\": 1}','{\"07\": 1, \"09\": 1, \"11\": 1, \"15\": 2, \"25\": 1, \"33\": 1, \"36\": 1, \"39\": 3, \"42\": 1, \"49\": 1, \"52\": 1, \"53\": 1, \"54\": 1, \"58\": 1, \"62\": 1, \"71\": 1, \"74\": 1, \"75\": 1, \"84\": 1, \"86\": 1, \"87\": 2, \"92\": 1, \"98\": 1}','2025-11-03 21:29:37','2025-11-03 21:29:37'),(11,'2025-11-03','nam','tp.hcm','tp','{\"db\": [\"842823\"], \"g1\": [\"49787\"], \"g2\": [\"08591\"], \"g3\": [\"96679\", \"18964\"], \"g4\": [\"09260\", \"32766\", \"46807\", \"01146\", \"25794\", \"31664\", \"81943\"], \"g5\": [\"4034\"], \"g6\": [\"4100\", \"7639\", \"1138\"], \"g7\": [\"253\"], \"g8\": [\"50\"]}','[\"50\", \"253\", \"4100\", \"7639\", \"1138\", \"4034\", \"09260\", \"32766\", \"46807\", \"01146\", \"25794\", \"31664\", \"81943\", \"96679\", \"18964\", \"08591\", \"49787\", \"842823\"]','842823','84','23','842','823','{\"00\": 1, \"07\": 1, \"23\": 1, \"34\": 1, \"38\": 1, \"39\": 1, \"43\": 1, \"46\": 1, \"50\": 1, \"53\": 1, \"60\": 1, \"64\": 2, \"66\": 1, \"79\": 1, \"87\": 1, \"91\": 1, \"94\": 1}','{\"034\": 1, \"100\": 1, \"138\": 1, \"146\": 1, \"253\": 1, \"260\": 1, \"591\": 1, \"639\": 1, \"664\": 1, \"679\": 1, \"766\": 1, \"787\": 1, \"794\": 1, \"807\": 1, \"823\": 1, \"943\": 1, \"964\": 1}','{\"01\": 1, \"08\": 1, \"09\": 1, \"11\": 1, \"18\": 1, \"25\": 2, \"31\": 1, \"32\": 1, \"40\": 1, \"41\": 1, \"46\": 1, \"49\": 1, \"50\": 1, \"76\": 1, \"81\": 1, \"84\": 1, \"96\": 1}','2025-11-03 21:29:46','2025-11-03 21:29:46'),(12,'2025-11-03','nam','đồng tháp','dt','{\"db\": [\"159591\"], \"g1\": [\"27084\"], \"g2\": [\"20092\"], \"g3\": [\"89228\", \"55821\"], \"g4\": [\"65181\", \"64720\", \"45438\", \"61624\", \"15770\", \"88874\", \"70912\"], \"g5\": [\"5969\"], \"g6\": [\"0701\", \"2001\", \"7627\"], \"g7\": [\"740\"], \"g8\": [\"24\"]}','[\"24\", \"740\", \"0701\", \"2001\", \"7627\", \"5969\", \"65181\", \"64720\", \"45438\", \"61624\", \"15770\", \"88874\", \"70912\", \"89228\", \"55821\", \"20092\", \"27084\", \"159591\"]','159591','15','91','159','591','{\"01\": 2, \"12\": 1, \"20\": 1, \"21\": 1, \"24\": 2, \"27\": 1, \"28\": 1, \"38\": 1, \"40\": 1, \"69\": 1, \"70\": 1, \"74\": 1, \"81\": 1, \"84\": 1, \"91\": 1, \"92\": 1}','{\"001\": 1, \"084\": 1, \"092\": 1, \"181\": 1, \"228\": 1, \"438\": 1, \"591\": 1, \"624\": 1, \"627\": 1, \"701\": 1, \"720\": 1, \"740\": 1, \"770\": 1, \"821\": 1, \"874\": 1, \"912\": 1, \"969\": 1}','{\"07\": 1, \"15\": 2, \"20\": 2, \"24\": 1, \"27\": 1, \"45\": 1, \"55\": 1, \"59\": 1, \"61\": 1, \"64\": 1, \"65\": 1, \"70\": 1, \"74\": 1, \"76\": 1, \"88\": 1, \"89\": 1}','2025-11-03 21:29:46','2025-11-03 21:29:46'),(13,'2025-11-03','nam','cà mau','cm','{\"db\": [\"338191\"], \"g1\": [\"11823\"], \"g2\": [\"35296\"], \"g3\": [\"76444\", \"73997\"], \"g4\": [\"07389\", \"08908\", \"87430\", \"79299\", \"46966\", \"23363\", \"07672\"], \"g5\": [\"0960\"], \"g6\": [\"8691\", \"0491\", \"7035\"], \"g7\": [\"659\"], \"g8\": [\"85\"]}','[\"85\", \"659\", \"8691\", \"0491\", \"7035\", \"0960\", \"07389\", \"08908\", \"87430\", \"79299\", \"46966\", \"23363\", \"07672\", \"76444\", \"73997\", \"35296\", \"11823\", \"338191\"]','338191','33','91','338','191','{\"08\": 1, \"23\": 1, \"30\": 1, \"35\": 1, \"44\": 1, \"59\": 1, \"60\": 1, \"63\": 1, \"66\": 1, \"72\": 1, \"85\": 1, \"89\": 1, \"91\": 3, \"96\": 1, \"97\": 1, \"99\": 1}','{\"035\": 1, \"191\": 1, \"296\": 1, \"299\": 1, \"363\": 1, \"389\": 1, \"430\": 1, \"444\": 1, \"491\": 1, \"659\": 1, \"672\": 1, \"691\": 1, \"823\": 1, \"908\": 1, \"960\": 1, \"966\": 1, \"997\": 1}','{\"04\": 1, \"07\": 2, \"08\": 1, \"09\": 1, \"11\": 1, \"23\": 1, \"33\": 1, \"35\": 1, \"46\": 1, \"65\": 1, \"70\": 1, \"73\": 1, \"76\": 1, \"79\": 1, \"85\": 1, \"86\": 1, \"87\": 1}','2025-11-03 21:29:46','2025-11-03 21:29:46'),(14,'2025-11-03','trung','huế','tth','{\"db\": [\"866627\"], \"g1\": [\"40370\"], \"g2\": [\"03869\"], \"g3\": [\"13179\", \"52719\"], \"g4\": [\"46437\", \"35703\", \"43910\", \"83882\", \"46707\", \"66447\", \"87314\"], \"g5\": [\"3170\"], \"g6\": [\"5403\", \"7750\", \"3575\"], \"g7\": [\"775\"], \"g8\": [\"53\"]}','[\"53\", \"775\", \"5403\", \"7750\", \"3575\", \"3170\", \"46437\", \"35703\", \"43910\", \"83882\", \"46707\", \"66447\", \"87314\", \"13179\", \"52719\", \"03869\", \"40370\", \"866627\"]','866627','86','27','866','627','{\"03\": 2, \"07\": 1, \"10\": 1, \"14\": 1, \"19\": 1, \"27\": 1, \"37\": 1, \"47\": 1, \"50\": 1, \"53\": 1, \"69\": 1, \"70\": 2, \"75\": 2, \"79\": 1, \"82\": 1}','{\"170\": 1, \"179\": 1, \"314\": 1, \"370\": 1, \"403\": 1, \"437\": 1, \"447\": 1, \"575\": 1, \"627\": 1, \"703\": 1, \"707\": 1, \"719\": 1, \"750\": 1, \"775\": 1, \"869\": 1, \"882\": 1, \"910\": 1}','{\"03\": 1, \"13\": 1, \"31\": 1, \"35\": 2, \"40\": 1, \"43\": 1, \"46\": 2, \"52\": 1, \"53\": 1, \"54\": 1, \"66\": 1, \"77\": 2, \"83\": 1, \"86\": 1, \"87\": 1}','2025-11-03 21:29:47','2025-11-03 21:29:47'),(15,'2025-11-03','trung','phú yên','py','{\"db\": [\"824429\"], \"g1\": [\"48907\"], \"g2\": [\"73829\"], \"g3\": [\"71434\", \"08038\"], \"g4\": [\"68818\", \"19589\", \"82419\", \"57075\", \"94255\", \"50535\", \"90621\"], \"g5\": [\"9012\"], \"g6\": [\"8697\", \"0485\", \"7244\"], \"g7\": [\"319\"], \"g8\": [\"36\"]}','[\"36\", \"319\", \"8697\", \"0485\", \"7244\", \"9012\", \"68818\", \"19589\", \"82419\", \"57075\", \"94255\", \"50535\", \"90621\", \"71434\", \"08038\", \"73829\", \"48907\", \"824429\"]','824429','82','29','824','429','{\"07\": 1, \"12\": 1, \"18\": 1, \"19\": 2, \"21\": 1, \"29\": 2, \"34\": 1, \"35\": 1, \"36\": 1, \"38\": 1, \"44\": 1, \"55\": 1, \"75\": 1, \"85\": 1, \"89\": 1, \"97\": 1}','{\"012\": 1, \"038\": 1, \"075\": 1, \"244\": 1, \"255\": 1, \"319\": 1, \"419\": 1, \"429\": 1, \"434\": 1, \"485\": 1, \"535\": 1, \"589\": 1, \"621\": 1, \"697\": 1, \"818\": 1, \"829\": 1, \"907\": 1}','{\"04\": 1, \"08\": 1, \"19\": 1, \"31\": 1, \"36\": 1, \"48\": 1, \"50\": 1, \"57\": 1, \"68\": 1, \"71\": 1, \"72\": 1, \"73\": 1, \"82\": 2, \"86\": 1, \"90\": 2, \"94\": 1}','2025-11-03 21:29:47','2025-11-03 21:29:47'),(16,'2025-11-03','bac','mien bac','mb','{\"db\": [\"47395\"], \"g1\": [\"07247\"], \"g2\": [\"34023\", \"18153\"], \"g3\": [\"35882\", \"65866\", \"48022\", \"90244\", \"62194\", \"99227\"], \"g4\": [\"0370\", \"2760\", \"2834\", \"9471\"], \"g5\": [\"8949\", \"5035\", \"0464\", \"9264\", \"7402\", \"8918\"], \"g6\": [\"562\", \"663\", \"330\"], \"g7\": [\"90\", \"53\", \"88\", \"61\"], \"g8\": []}','[\"90\", \"53\", \"88\", \"61\", \"562\", \"663\", \"330\", \"8949\", \"5035\", \"0464\", \"9264\", \"7402\", \"8918\", \"0370\", \"2760\", \"2834\", \"9471\", \"35882\", \"65866\", \"48022\", \"90244\", \"62194\", \"99227\", \"34023\", \"18153\", \"07247\", \"47395\"]','47395','47','95','473','395','{\"02\": 1, \"18\": 1, \"22\": 1, \"23\": 1, \"27\": 1, \"30\": 1, \"34\": 1, \"35\": 1, \"44\": 1, \"47\": 1, \"49\": 1, \"53\": 2, \"60\": 1, \"61\": 1, \"62\": 1, \"63\": 1, \"64\": 2, \"66\": 1, \"70\": 1, \"71\": 1, \"82\": 1, \"88\": 1, \"90\": 1, \"94\": 1, \"95\": 1}','{\"022\": 1, \"023\": 1, \"035\": 1, \"153\": 1, \"194\": 1, \"227\": 1, \"244\": 1, \"247\": 1, \"264\": 1, \"330\": 1, \"370\": 1, \"395\": 1, \"402\": 1, \"464\": 1, \"471\": 1, \"562\": 1, \"663\": 1, \"760\": 1, \"834\": 1, \"866\": 1, \"882\": 1, \"918\": 1, \"949\": 1}','{\"03\": 1, \"04\": 1, \"07\": 1, \"18\": 1, \"27\": 1, \"28\": 1, \"33\": 1, \"34\": 1, \"35\": 1, \"47\": 1, \"48\": 1, \"50\": 1, \"53\": 1, \"56\": 1, \"61\": 1, \"62\": 1, \"65\": 1, \"66\": 1, \"74\": 1, \"88\": 1, \"89\": 2, \"90\": 2, \"92\": 1, \"94\": 1, \"99\": 1}','2025-11-03 21:29:47','2025-11-03 21:29:47'),(17,'2025-11-01','nam','tp.hcm','tp','{\"db\": [\"425632\"], \"g1\": [\"26168\"], \"g2\": [\"22853\"], \"g3\": [\"17421\", \"04629\"], \"g4\": [\"68833\", \"28879\", \"38136\", \"75798\", \"63073\", \"34046\", \"79770\"], \"g5\": [\"3912\"], \"g6\": [\"0547\", \"1482\", \"8276\"], \"g7\": [\"050\"], \"g8\": [\"48\"]}','[\"48\", \"050\", \"0547\", \"1482\", \"8276\", \"3912\", \"68833\", \"28879\", \"38136\", \"75798\", \"63073\", \"34046\", \"79770\", \"17421\", \"04629\", \"22853\", \"26168\", \"425632\"]','425632','42','32','425','632','{\"12\": 1, \"21\": 1, \"29\": 1, \"32\": 1, \"33\": 1, \"36\": 1, \"46\": 1, \"47\": 1, \"48\": 1, \"50\": 1, \"53\": 1, \"68\": 1, \"70\": 1, \"73\": 1, \"76\": 1, \"79\": 1, \"82\": 1, \"98\": 1}','{\"046\": 1, \"050\": 1, \"073\": 1, \"136\": 1, \"168\": 1, \"276\": 1, \"421\": 1, \"482\": 1, \"547\": 1, \"629\": 1, \"632\": 1, \"770\": 1, \"798\": 1, \"833\": 1, \"853\": 1, \"879\": 1, \"912\": 1}','{\"04\": 1, \"05\": 2, \"14\": 1, \"17\": 1, \"22\": 1, \"26\": 1, \"28\": 1, \"34\": 1, \"38\": 1, \"39\": 1, \"42\": 1, \"48\": 1, \"63\": 1, \"68\": 1, \"75\": 1, \"79\": 1, \"82\": 1}','2025-11-03 21:31:48','2025-11-03 21:31:48'),(18,'2025-11-01','nam','long an','la','{\"db\": [\"313631\"], \"g1\": [\"99412\"], \"g2\": [\"62960\"], \"g3\": [\"51655\", \"68041\"], \"g4\": [\"88405\", \"19171\", \"40133\", \"41282\", \"59731\", \"77860\", \"82866\"], \"g5\": [\"0840\"], \"g6\": [\"9899\", \"4639\", \"8055\"], \"g7\": [\"789\"], \"g8\": [\"39\"]}','[\"39\", \"789\", \"9899\", \"4639\", \"8055\", \"0840\", \"88405\", \"19171\", \"40133\", \"41282\", \"59731\", \"77860\", \"82866\", \"51655\", \"68041\", \"62960\", \"99412\", \"313631\"]','313631','31','31','313','631','{\"05\": 1, \"12\": 1, \"31\": 2, \"33\": 1, \"39\": 2, \"40\": 1, \"41\": 1, \"55\": 2, \"60\": 2, \"66\": 1, \"71\": 1, \"82\": 1, \"89\": 1, \"99\": 1}','{\"041\": 1, \"055\": 1, \"133\": 1, \"171\": 1, \"282\": 1, \"405\": 1, \"412\": 1, \"631\": 1, \"639\": 1, \"655\": 1, \"731\": 1, \"789\": 1, \"840\": 1, \"860\": 1, \"866\": 1, \"899\": 1, \"960\": 1}','{\"08\": 1, \"19\": 1, \"31\": 1, \"39\": 1, \"40\": 1, \"41\": 1, \"46\": 1, \"51\": 1, \"59\": 1, \"62\": 1, \"68\": 1, \"77\": 1, \"78\": 1, \"80\": 1, \"82\": 1, \"88\": 1, \"98\": 1, \"99\": 1}','2025-11-03 21:31:48','2025-11-03 21:31:48'),(19,'2025-11-01','nam','bình phước','bp','{\"db\": [\"539631\"], \"g1\": [\"29593\"], \"g2\": [\"91878\"], \"g3\": [\"48225\", \"18019\"], \"g4\": [\"97107\", \"44274\", \"61872\", \"23632\", \"23987\", \"78595\", \"42283\"], \"g5\": [\"8908\"], \"g6\": [\"5548\", \"3456\", \"9452\"], \"g7\": [\"557\"], \"g8\": [\"10\"]}','[\"10\", \"557\", \"5548\", \"3456\", \"9452\", \"8908\", \"97107\", \"44274\", \"61872\", \"23632\", \"23987\", \"78595\", \"42283\", \"48225\", \"18019\", \"91878\", \"29593\", \"539631\"]','539631','53','31','539','631','{\"07\": 1, \"08\": 1, \"10\": 1, \"19\": 1, \"25\": 1, \"31\": 1, \"32\": 1, \"48\": 1, \"52\": 1, \"56\": 1, \"57\": 1, \"72\": 1, \"74\": 1, \"78\": 1, \"83\": 1, \"87\": 1, \"93\": 1, \"95\": 1}','{\"019\": 1, \"107\": 1, \"225\": 1, \"274\": 1, \"283\": 1, \"452\": 1, \"456\": 1, \"548\": 1, \"557\": 1, \"593\": 1, \"595\": 1, \"631\": 1, \"632\": 1, \"872\": 1, \"878\": 1, \"908\": 1, \"987\": 1}','{\"10\": 1, \"18\": 1, \"23\": 2, \"29\": 1, \"34\": 1, \"42\": 1, \"44\": 1, \"48\": 1, \"53\": 1, \"55\": 2, \"61\": 1, \"78\": 1, \"89\": 1, \"91\": 1, \"94\": 1, \"97\": 1}','2025-11-03 21:31:48','2025-11-03 21:31:48'),(20,'2025-11-01','nam','hậu giang','hg','{\"db\": [\"495851\"], \"g1\": [\"94050\"], \"g2\": [\"29820\"], \"g3\": [\"40034\", \"53651\"], \"g4\": [\"29051\", \"79062\", \"01251\", \"67754\", \"53318\", \"38141\", \"17518\"], \"g5\": [\"3302\"], \"g6\": [\"9090\", \"9864\", \"8872\"], \"g7\": [\"001\"], \"g8\": [\"22\"]}','[\"22\", \"001\", \"9090\", \"9864\", \"8872\", \"3302\", \"29051\", \"79062\", \"01251\", \"67754\", \"53318\", \"38141\", \"17518\", \"40034\", \"53651\", \"29820\", \"94050\", \"495851\"]','495851','49','51','495','851','{\"01\": 1, \"02\": 1, \"18\": 2, \"20\": 1, \"22\": 1, \"34\": 1, \"41\": 1, \"50\": 1, \"51\": 4, \"54\": 1, \"62\": 1, \"64\": 1, \"72\": 1, \"90\": 1}','{\"001\": 1, \"034\": 1, \"050\": 1, \"051\": 1, \"062\": 1, \"090\": 1, \"141\": 1, \"251\": 1, \"302\": 1, \"318\": 1, \"518\": 1, \"651\": 1, \"754\": 1, \"820\": 1, \"851\": 1, \"864\": 1, \"872\": 1}','{\"00\": 1, \"01\": 1, \"17\": 1, \"22\": 1, \"29\": 2, \"33\": 1, \"38\": 1, \"40\": 1, \"49\": 1, \"53\": 2, \"67\": 1, \"79\": 1, \"88\": 1, \"90\": 1, \"94\": 1, \"98\": 1}','2025-11-03 21:31:48','2025-11-03 21:31:48'),(21,'2025-11-01','trung','đà nẵng','dng','{\"db\": [\"036664\"], \"g1\": [\"25541\"], \"g2\": [\"57256\"], \"g3\": [\"14831\", \"05096\"], \"g4\": [\"57179\", \"19668\", \"14519\", \"82796\", \"46235\", \"61152\", \"03912\"], \"g5\": [\"8207\"], \"g6\": [\"9589\", \"6218\", \"5218\"], \"g7\": [\"210\"], \"g8\": [\"33\"]}','[\"33\", \"210\", \"9589\", \"6218\", \"5218\", \"8207\", \"57179\", \"19668\", \"14519\", \"82796\", \"46235\", \"61152\", \"03912\", \"14831\", \"05096\", \"57256\", \"25541\", \"036664\"]','036664','03','64','036','664','{\"07\": 1, \"10\": 1, \"12\": 1, \"18\": 2, \"19\": 1, \"31\": 1, \"33\": 1, \"35\": 1, \"41\": 1, \"52\": 1, \"56\": 1, \"64\": 1, \"68\": 1, \"79\": 1, \"89\": 1, \"96\": 2}','{\"096\": 1, \"152\": 1, \"179\": 1, \"207\": 1, \"210\": 1, \"218\": 2, \"235\": 1, \"256\": 1, \"519\": 1, \"541\": 1, \"589\": 1, \"664\": 1, \"668\": 1, \"796\": 1, \"831\": 1, \"912\": 1}','{\"03\": 2, \"05\": 1, \"14\": 2, \"19\": 1, \"21\": 1, \"25\": 1, \"33\": 1, \"46\": 1, \"52\": 1, \"57\": 2, \"61\": 1, \"62\": 1, \"82\": 2, \"95\": 1}','2025-11-03 21:31:48','2025-11-03 21:31:48'),(22,'2025-11-01','trung','quảng ngãi','qng','{\"db\": [\"691981\"], \"g1\": [\"16160\"], \"g2\": [\"30276\"], \"g3\": [\"92652\", \"42058\"], \"g4\": [\"23403\", \"15511\", \"45150\", \"55346\", \"24912\", \"02865\", \"13970\"], \"g5\": [\"3771\"], \"g6\": [\"2567\", \"3174\", \"1098\"], \"g7\": [\"739\"], \"g8\": [\"53\"]}','[\"53\", \"739\", \"2567\", \"3174\", \"1098\", \"3771\", \"23403\", \"15511\", \"45150\", \"55346\", \"24912\", \"02865\", \"13970\", \"92652\", \"42058\", \"30276\", \"16160\", \"691981\"]','691981','69','81','691','981','{\"03\": 1, \"11\": 1, \"12\": 1, \"39\": 1, \"46\": 1, \"50\": 1, \"52\": 1, \"53\": 1, \"58\": 1, \"60\": 1, \"65\": 1, \"67\": 1, \"70\": 1, \"71\": 1, \"74\": 1, \"76\": 1, \"81\": 1, \"98\": 1}','{\"058\": 1, \"098\": 1, \"150\": 1, \"160\": 1, \"174\": 1, \"276\": 1, \"346\": 1, \"403\": 1, \"511\": 1, \"567\": 1, \"652\": 1, \"739\": 1, \"771\": 1, \"865\": 1, \"912\": 1, \"970\": 1, \"981\": 1}','{\"02\": 1, \"10\": 1, \"13\": 1, \"15\": 1, \"16\": 1, \"23\": 1, \"24\": 1, \"25\": 1, \"30\": 1, \"31\": 1, \"37\": 1, \"42\": 1, \"45\": 1, \"53\": 1, \"55\": 1, \"69\": 1, \"73\": 1, \"92\": 1}','2025-11-03 21:31:48','2025-11-03 21:31:48'),(23,'2025-11-01','trung','đắc nông','dno','{\"db\": [\"917890\"], \"g1\": [\"15453\"], \"g2\": [\"98251\"], \"g3\": [\"56146\", \"97460\"], \"g4\": [\"26044\", \"96972\", \"81061\", \"97351\", \"65756\", \"84248\", \"59817\"], \"g5\": [\"7374\"], \"g6\": [\"5777\", \"0599\", \"3500\"], \"g7\": [\"668\"], \"g8\": [\"13\"]}','[\"13\", \"668\", \"5777\", \"0599\", \"3500\", \"7374\", \"26044\", \"96972\", \"81061\", \"97351\", \"65756\", \"84248\", \"59817\", \"56146\", \"97460\", \"98251\", \"15453\", \"917890\"]','917890','91','90','917','890','{\"00\": 1, \"13\": 1, \"17\": 1, \"44\": 1, \"46\": 1, \"48\": 1, \"51\": 2, \"53\": 1, \"56\": 1, \"60\": 1, \"61\": 1, \"68\": 1, \"72\": 1, \"74\": 1, \"77\": 1, \"90\": 1, \"99\": 1}','{\"044\": 1, \"061\": 1, \"146\": 1, \"248\": 1, \"251\": 1, \"351\": 1, \"374\": 1, \"453\": 1, \"460\": 1, \"500\": 1, \"599\": 1, \"668\": 1, \"756\": 1, \"777\": 1, \"817\": 1, \"890\": 1, \"972\": 1}','{\"05\": 1, \"13\": 1, \"15\": 1, \"26\": 1, \"35\": 1, \"56\": 1, \"57\": 1, \"59\": 1, \"65\": 1, \"66\": 1, \"73\": 1, \"81\": 1, \"84\": 1, \"91\": 1, \"96\": 1, \"97\": 2, \"98\": 1}','2025-11-03 21:31:48','2025-11-03 21:31:48'),(24,'2025-11-01','bac','mien bac','mb','{\"db\": [\"58792\"], \"g1\": [\"69186\"], \"g2\": [\"51304\", \"43356\"], \"g3\": [\"28584\", \"39725\", \"93626\", \"28972\", \"06664\", \"51857\"], \"g4\": [\"4174\", \"9361\", \"5961\", \"5243\"], \"g5\": [\"2312\", \"4735\", \"9171\", \"6516\", \"3053\", \"1161\"], \"g6\": [\"448\", \"819\", \"926\"], \"g7\": [\"46\", \"82\", \"21\", \"62\"], \"g8\": []}','[\"46\", \"82\", \"21\", \"62\", \"448\", \"819\", \"926\", \"2312\", \"4735\", \"9171\", \"6516\", \"3053\", \"1161\", \"4174\", \"9361\", \"5961\", \"5243\", \"28584\", \"39725\", \"93626\", \"28972\", \"06664\", \"51857\", \"51304\", \"43356\", \"69186\", \"58792\"]','58792','58','92','587','792','{\"04\": 1, \"12\": 1, \"16\": 1, \"19\": 1, \"21\": 1, \"25\": 1, \"26\": 2, \"35\": 1, \"43\": 1, \"46\": 1, \"48\": 1, \"53\": 1, \"56\": 1, \"57\": 1, \"61\": 3, \"62\": 1, \"64\": 1, \"71\": 1, \"72\": 1, \"74\": 1, \"82\": 1, \"84\": 1, \"86\": 1, \"92\": 1}','{\"053\": 1, \"161\": 1, \"171\": 1, \"174\": 1, \"186\": 1, \"243\": 1, \"304\": 1, \"312\": 1, \"356\": 1, \"361\": 1, \"448\": 1, \"516\": 1, \"584\": 1, \"626\": 1, \"664\": 1, \"725\": 1, \"735\": 1, \"792\": 1, \"819\": 1, \"857\": 1, \"926\": 1, \"961\": 1, \"972\": 1}','{\"06\": 1, \"11\": 1, \"21\": 1, \"23\": 1, \"28\": 2, \"30\": 1, \"39\": 1, \"41\": 1, \"43\": 1, \"44\": 1, \"46\": 1, \"47\": 1, \"51\": 2, \"52\": 1, \"58\": 1, \"59\": 1, \"62\": 1, \"65\": 1, \"69\": 1, \"81\": 1, \"82\": 1, \"91\": 1, \"92\": 1, \"93\": 2}','2025-11-03 21:31:49','2025-11-03 21:31:49');
/*!40000 ALTER TABLE `lottery_results` ENABLE KEYS */;
UNLOCK TABLES;
--
-- Table structure for table `lottery_schedules`
--
DROP TABLE IF EXISTS `lottery_schedules`;
/*!40101 SET @saved_cs_client     = @@character_set_client */;
/*!50503 SET character_set_client = utf8mb4 */;
CREATE TABLE `lottery_schedules` (
  `id` bigint unsigned NOT NULL AUTO_INCREMENT,
  `day_of_week` varchar(255) COLLATE utf8mb4_unicode_ci NOT NULL,
  `region` varchar(255) COLLATE utf8mb4_unicode_ci NOT NULL,
  `main_station` varchar(255) COLLATE utf8mb4_unicode_ci NOT NULL,
  `sub_stations` json NOT NULL,
  `is_active` tinyint(1) NOT NULL DEFAULT '1',
  `created_at` timestamp NULL DEFAULT NULL,
  `updated_at` timestamp NULL DEFAULT NULL,
  PRIMARY KEY (`id`),
  UNIQUE KEY `lottery_schedules_day_of_week_region_unique` (`day_of_week`,`region`),
  KEY `lottery_schedules_day_of_week_is_active_index` (`day_of_week`,`is_active`),
  KEY `lottery_schedules_region_is_active_index` (`region`,`is_active`)
) ENGINE=InnoDB AUTO_INCREMENT=22 DEFAULT CHARSET=utf8mb4 COLLATE=utf8mb4_unicode_ci;
/*!40101 SET character_set_client = @saved_cs_client */;
--
-- Dumping data for table `lottery_schedules`
--
LOCK TABLES `lottery_schedules` WRITE;
/*!40000 ALTER TABLE `lottery_schedules` DISABLE KEYS */;
INSERT INTO `lottery_schedules` VALUES (1,'Thứ Hai','Nam','TP.HCM','[\"Đồng Tháp\", \"Cà Mau\"]',1,'2025-11-01 05:55:58','2025-11-01 05:55:58'),(2,'Thứ Hai','Trung','Phú Yên','[\"Thừa Thiên Huế\"]',1,'2025-11-01 05:55:58','2025-11-01 05:55:58'),(3,'Thứ Hai','Bắc','Hà Nội','[]',1,'2025-11-01 05:55:58','2025-11-01 05:55:58'),(4,'Thứ Ba','Nam','Vũng Tàu','[\"Bến Tre\", \"Bạc Liêu\"]',1,'2025-11-01 05:55:58','2025-11-01 05:55:58'),(5,'Thứ Ba','Trung','Quảng Nam','[\"Đắk Lắk\"]',1,'2025-11-01 05:55:58','2025-11-01 05:55:58'),(6,'Thứ Ba','Bắc','Quảng Ninh','[]',1,'2025-11-01 05:55:58','2025-11-01 05:55:58'),(7,'Thứ Tư','Nam','Đồng Nai','[\"Cần Thơ\", \"Sóc Trăng\"]',1,'2025-11-01 05:55:58','2025-11-01 05:55:58'),(8,'Thứ Tư','Trung','Khánh Hòa','[\"Đà Nẵng\"]',1,'2025-11-01 05:55:58','2025-11-01 05:55:58'),(9,'Thứ Tư','Bắc','Bắc Ninh','[]',1,'2025-11-01 05:55:58','2025-11-01 05:55:58'),(10,'Thứ Năm','Nam','Tây Ninh','[\"An Giang\", \"Bình Thuận\"]',1,'2025-11-01 05:55:58','2025-11-01 05:55:58'),(11,'Thứ Năm','Trung','Quảng Bình','[\"Bình Định\", \"Quảng Trị\"]',1,'2025-11-01 05:55:58','2025-11-01 05:55:58'),(12,'Thứ Năm','Bắc','Hà Nội','[]',1,'2025-11-01 05:55:58','2025-11-01 05:55:58'),(13,'Thứ Sáu','Nam','Bình Dương','[\"Vĩnh Long\", \"Trà Vinh\"]',1,'2025-11-01 05:55:58','2025-11-01 05:55:58'),(14,'Thứ Sáu','Trung','Gia Lai','[\"Ninh Thuận\"]',1,'2025-11-01 05:55:58','2025-11-01 05:55:58'),(15,'Thứ Sáu','Bắc','Hải Phòng','[]',1,'2025-11-01 05:55:58','2025-11-01 05:55:58'),(16,'Thứ Bảy','Nam','TP.HCM','[\"Long An\", \"Bình Phước\", \"Hậu Giang\"]',1,'2025-11-01 05:55:58','2025-11-01 05:55:58'),(17,'Thứ Bảy','Trung','Quảng Ngãi','[\"Đà Nẵng\", \"Đắk Nông\"]',1,'2025-11-01 05:55:58','2025-11-01 05:55:58'),(18,'Thứ Bảy','Bắc','Nam Định','[]',1,'2025-11-01 05:55:58','2025-11-01 05:55:58'),(19,'Chủ Nhật','Nam','Tiền Giang','[\"Kiên Giang\", \"Đà Lạt\"]',1,'2025-11-01 05:55:58','2025-11-01 05:55:58'),(20,'Chủ Nhật','Trung','Khánh Hòa','[\"Kon Tum\"]',1,'2025-11-01 05:55:58','2025-11-01 05:55:58'),(21,'Chủ Nhật','Bắc','Thái Bình','[]',1,'2025-11-01 05:55:58','2025-11-01 05:55:58');
/*!40000 ALTER TABLE `lottery_schedules` ENABLE KEYS */;
UNLOCK TABLES;
--
-- Table structure for table `migrations`
--
DROP TABLE IF EXISTS `migrations`;
/*!40101 SET @saved_cs_client     = @@character_set_client */;
/*!50503 SET character_set_client = utf8mb4 */;
CREATE TABLE `migrations` (
  `id` int unsigned NOT NULL AUTO_INCREMENT,
  `migration` varchar(255) COLLATE utf8mb4_unicode_ci NOT NULL,
  `batch` int NOT NULL,
  PRIMARY KEY (`id`)
) ENGINE=InnoDB AUTO_INCREMENT=16 DEFAULT CHARSET=utf8mb4 COLLATE=utf8mb4_unicode_ci;
/*!40101 SET character_set_client = @saved_cs_client */;
--
-- Dumping data for table `migrations`
--
LOCK TABLES `migrations` WRITE;
/*!40000 ALTER TABLE `migrations` DISABLE KEYS */;
INSERT INTO `migrations` VALUES (1,'0001_01_01_000000_create_users_table',1),(2,'0001_01_01_000001_create_cache_table',1),(3,'0001_01_01_000002_create_jobs_table',1),(4,'2025_09_30_135857_create_plans_table',1),(5,'2025_09_30_135901_create_subscriptions_table',1),(6,'2025_09_30_135904_create_payment_history_table',1),(7,'2025_09_30_135906_add_subscription_fields_to_users_table',1),(8,'2025_10_01_085241_create_customers_table',1),(9,'2025_10_01_085245_create_betting_types_table',1),(10,'2025_10_01_085247_create_betting_tickets_table',1),(11,'2025_10_01_095556_create_stations_table',1),(12,'2025_10_01_100443_create_lottery_schedules_table',1),(13,'2025_10_18_183010_create_lottery_results_table',1),(14,'2025_10_25_025013_refactor_betting_rates_table',1),(15,'2025_11_01_000001_migrate_betting_rates_to_json',1);
/*!40000 ALTER TABLE `migrations` ENABLE KEYS */;
UNLOCK TABLES;
--
-- Table structure for table `password_reset_tokens`
--
DROP TABLE IF EXISTS `password_reset_tokens`;
/*!40101 SET @saved_cs_client     = @@character_set_client */;
/*!50503 SET character_set_client = utf8mb4 */;
CREATE TABLE `password_reset_tokens` (
  `email` varchar(255) COLLATE utf8mb4_unicode_ci NOT NULL,
  `token` varchar(255) COLLATE utf8mb4_unicode_ci NOT NULL,
  `created_at` timestamp NULL DEFAULT NULL,
  PRIMARY KEY (`email`)
) ENGINE=InnoDB DEFAULT CHARSET=utf8mb4 COLLATE=utf8mb4_unicode_ci;
/*!40101 SET character_set_client = @saved_cs_client */;
--
-- Dumping data for table `password_reset_tokens`
--
LOCK TABLES `password_reset_tokens` WRITE;
/*!40000 ALTER TABLE `password_reset_tokens` DISABLE KEYS */;
/*!40000 ALTER TABLE `password_reset_tokens` ENABLE KEYS */;
UNLOCK TABLES;
--
-- Table structure for table `payment_history`
--
DROP TABLE IF EXISTS `payment_history`;
/*!40101 SET @saved_cs_client     = @@character_set_client */;
/*!50503 SET character_set_client = utf8mb4 */;
CREATE TABLE `payment_history` (
  `id` bigint unsigned NOT NULL AUTO_INCREMENT,
  `user_id` bigint unsigned NOT NULL,
  `subscription_id` bigint unsigned NOT NULL,
  `plan_id` bigint unsigned NOT NULL,
  `amount` decimal(10,2) NOT NULL,
  `payment_method` enum('cash','bank_transfer','credit_card','other') COLLATE utf8mb4_unicode_ci NOT NULL DEFAULT 'cash',
  `status` enum('pending','completed','failed','refunded') COLLATE utf8mb4_unicode_ci NOT NULL DEFAULT 'pending',
  `transaction_id` varchar(255) COLLATE utf8mb4_unicode_ci DEFAULT NULL,
  `notes` text COLLATE utf8mb4_unicode_ci,
  `paid_at` timestamp NULL DEFAULT NULL,
  `created_at` timestamp NULL DEFAULT NULL,
  `updated_at` timestamp NULL DEFAULT NULL,
  PRIMARY KEY (`id`),
  KEY `payment_history_subscription_id_foreign` (`subscription_id`),
  KEY `payment_history_plan_id_foreign` (`plan_id`),
  KEY `payment_history_user_id_status_index` (`user_id`,`status`),
  KEY `payment_history_transaction_id_index` (`transaction_id`),
  CONSTRAINT `payment_history_plan_id_foreign` FOREIGN KEY (`plan_id`) REFERENCES `plans` (`id`) ON DELETE CASCADE,
  CONSTRAINT `payment_history_subscription_id_foreign` FOREIGN KEY (`subscription_id`) REFERENCES `subscriptions` (`id`) ON DELETE CASCADE,
  CONSTRAINT `payment_history_user_id_foreign` FOREIGN KEY (`user_id`) REFERENCES `users` (`id`) ON DELETE CASCADE
) ENGINE=InnoDB AUTO_INCREMENT=2 DEFAULT CHARSET=utf8mb4 COLLATE=utf8mb4_unicode_ci;
/*!40101 SET character_set_client = @saved_cs_client */;
--
-- Dumping data for table `payment_history`
--
LOCK TABLES `payment_history` WRITE;
/*!40000 ALTER TABLE `payment_history` DISABLE KEYS */;
INSERT INTO `payment_history` VALUES (1,2,1,1,100000.00,'cash','completed',NULL,'Demo payment','2025-11-01 05:55:59','2025-11-01 05:55:59','2025-11-01 05:55:59');
/*!40000 ALTER TABLE `payment_history` ENABLE KEYS */;
UNLOCK TABLES;
--
-- Table structure for table `plans`
--
DROP TABLE IF EXISTS `plans`;
/*!40101 SET @saved_cs_client     = @@character_set_client */;
/*!50503 SET character_set_client = utf8mb4 */;
CREATE TABLE `plans` (
  `id` bigint unsigned NOT NULL AUTO_INCREMENT,
  `name` varchar(255) COLLATE utf8mb4_unicode_ci NOT NULL,
  `slug` varchar(255) COLLATE utf8mb4_unicode_ci NOT NULL,
  `description` text COLLATE utf8mb4_unicode_ci,
  `price` decimal(10,2) NOT NULL,
  `duration_days` int NOT NULL,
  `is_active` tinyint(1) NOT NULL DEFAULT '1',
  `is_custom` tinyint(1) NOT NULL DEFAULT '0',
  `features` json DEFAULT NULL,
  `sort_order` int NOT NULL DEFAULT '0',
  `created_at` timestamp NULL DEFAULT NULL,
  `updated_at` timestamp NULL DEFAULT NULL,
  PRIMARY KEY (`id`),
  UNIQUE KEY `plans_slug_unique` (`slug`)
) ENGINE=InnoDB AUTO_INCREMENT=5 DEFAULT CHARSET=utf8mb4 COLLATE=utf8mb4_unicode_ci;
/*!40101 SET character_set_client = @saved_cs_client */;
--
-- Dumping data for table `plans`
--
LOCK TABLES `plans` WRITE;
/*!40000 ALTER TABLE `plans` DISABLE KEYS */;
INSERT INTO `plans` VALUES (1,'Gói 1 tháng','1-month','Gói subscription 1 tháng với đầy đủ tính năng',100000.00,30,1,0,'[\"Truy cập đầy đủ tính năng\", \"Hỗ trợ 24/7\", \"Báo cáo chi tiết\", \"Tích hợp API\"]',1,'2025-11-01 05:55:56','2025-11-01 05:55:56'),(2,'Gói 3 tháng','3-month','Gói subscription 3 tháng với ưu đãi đặc biệt',2499000.00,90,1,0,'[\"Truy cập đầy đủ tính năng\", \"Hỗ trợ 24/7\", \"Báo cáo chi tiết\", \"Tích hợp API\", \"Ưu đãi 10% so với gói 1 tháng\"]',2,'2025-11-01 05:55:56','2025-11-01 05:55:56'),(3,'Gói 1 năm','1-year','Gói subscription 1 năm với ưu đãi lớn nhất',5499000.00,180,1,0,'[\"Truy cập đầy đủ tính năng\", \"Hỗ trợ 24/7\", \"Báo cáo chi tiết\", \"Tích hợp API\", \"Ưu đãi 17% so với gói 1 tháng\", \"Tính năng premium độc quyền\"]',3,'2025-11-01 05:55:56','2025-11-01 05:55:56'),(4,'Gói Custom','custom','Gói subscription tùy chỉnh theo nhu cầu',0.00,1,1,1,'[\"Tùy chỉnh theo nhu cầu\", \"Giá cả linh hoạt\", \"Thời gian linh hoạt\", \"Tính năng đặc biệt\"]',4,'2025-11-01 05:55:56','2025-11-01 05:55:56');
/*!40000 ALTER TABLE `plans` ENABLE KEYS */;
UNLOCK TABLES;
--
-- Table structure for table `sessions`
--
DROP TABLE IF EXISTS `sessions`;
/*!40101 SET @saved_cs_client     = @@character_set_client */;
/*!50503 SET character_set_client = utf8mb4 */;
CREATE TABLE `sessions` (
  `id` varchar(255) COLLATE utf8mb4_unicode_ci NOT NULL,
  `user_id` bigint unsigned DEFAULT NULL,
  `ip_address` varchar(45) COLLATE utf8mb4_unicode_ci DEFAULT NULL,
  `user_agent` text COLLATE utf8mb4_unicode_ci,
  `payload` longtext COLLATE utf8mb4_unicode_ci NOT NULL,
  `last_activity` int NOT NULL,
  PRIMARY KEY (`id`),
  KEY `sessions_user_id_index` (`user_id`),
  KEY `sessions_last_activity_index` (`last_activity`)
) ENGINE=InnoDB DEFAULT CHARSET=utf8mb4 COLLATE=utf8mb4_unicode_ci;
/*!40101 SET character_set_client = @saved_cs_client */;
--
-- Dumping data for table `sessions`
--
LOCK TABLES `sessions` WRITE;
/*!40000 ALTER TABLE `sessions` DISABLE KEYS */;
INSERT INTO `sessions` VALUES ('yZsYVskoiPwQrb7H7uZZiQEnzI6CqFAJkEc9FOvM',2,'127.0.0.1','Mozilla/5.0 (iPhone; CPU iPhone OS 18_5 like Mac OS X) AppleWebKit/605.1.15 (KHTML, like Gecko) Version/18.5 Mobile/15E148 Safari/604.1','YTo3OntzOjY6Il90b2tlbiI7czo0MDoibDRVMXZPRUY5YlhiUHptYW0zV0JUeXBLS3dabUhGSXF5NXZmbkU0TSI7czoxMToiZ2xvYmFsX2RhdGUiO3M6MTA6IjIwMjUtMTEtMDEiO3M6MTM6Imdsb2JhbF9yZWdpb24iO3M6MzoibmFtIjtzOjk6Il9wcmV2aW91cyI7YToyOntzOjM6InVybCI7czozNjoiaHR0cDovL2xvY2FsaG9zdDo4MDAwL3VzZXIvZGFzaGJvYXJkIjtzOjU6InJvdXRlIjtzOjE0OiJ1c2VyLmRhc2hib2FyZCI7fXM6NjoiX2ZsYXNoIjthOjI6e3M6Mzoib2xkIjthOjA6e31zOjM6Im5ldyI7YTowOnt9fXM6MzoidXJsIjthOjA6e31zOjUwOiJsb2dpbl93ZWJfNTliYTM2YWRkYzJiMmY5NDAxNTgwZjAxNGM3ZjU4ZWE0ZTMwOTg5ZCI7aToyO30=',1762230712);
/*!40000 ALTER TABLE `sessions` ENABLE KEYS */;
UNLOCK TABLES;
--
-- Table structure for table `stations`
--
DROP TABLE IF EXISTS `stations`;
/*!40101 SET @saved_cs_client     = @@character_set_client */;
/*!50503 SET character_set_client = utf8mb4 */;
CREATE TABLE `stations` (
  `id` bigint unsigned NOT NULL AUTO_INCREMENT,
  `name` varchar(255) COLLATE utf8mb4_unicode_ci NOT NULL,
  `code` varchar(255) COLLATE utf8mb4_unicode_ci NOT NULL,
  `syntaxes` json NOT NULL,
  `region` varchar(255) COLLATE utf8mb4_unicode_ci NOT NULL,
  `is_active` tinyint(1) NOT NULL DEFAULT '1',
  `sort_order` int NOT NULL DEFAULT '0',
  `created_at` timestamp NULL DEFAULT NULL,
  `updated_at` timestamp NULL DEFAULT NULL,
  PRIMARY KEY (`id`),
  UNIQUE KEY `stations_code_unique` (`code`),
  KEY `stations_region_is_active_index` (`region`,`is_active`),
  KEY `stations_is_active_sort_order_index` (`is_active`,`sort_order`)
) ENGINE=InnoDB AUTO_INCREMENT=25 DEFAULT CHARSET=utf8mb4 COLLATE=utf8mb4_unicode_ci;
/*!40101 SET character_set_client = @saved_cs_client */;
--
-- Dumping data for table `stations`
--
LOCK TABLES `stations` WRITE;
/*!40000 ALTER TABLE `stations` DISABLE KEYS */;
INSERT INTO `stations` VALUES (1,'Đài chánh','dc','[\"dc\", \"chanh\", \"ch\", \"daichanh\", \"dchanh\"]','bac',1,1,'2025-11-01 05:55:57','2025-11-01 05:55:57'),(2,'Đài phụ','dp','[\"dp\", \"phu\", \"ph\", \"dphu\", \"daiphu\"]','bac',1,2,'2025-11-01 05:55:57','2025-11-01 05:55:57'),(3,'Hà Nội','hn','[\"mb\", \"hn\", \"hanoi\", \"ha noi\"]','bac',1,3,'2025-11-01 05:55:57','2025-11-01 05:55:57'),(4,'An Giang','ag','[\"ag\", \"angiang\", \"an giang\"]','nam',1,4,'2025-11-01 05:55:57','2025-11-01 05:55:57'),(5,'Bạc Liêu','bl','[\"bl\", \"blieu\", \"baclieu\", \"bac lieu\"]','nam',1,5,'2025-11-01 05:55:57','2025-11-01 05:55:57'),(6,'Bến Tre','bt','[\"bt\", \"btre\", \"bentre\", \"ben tre\"]','nam',1,6,'2025-11-01 05:55:57','2025-11-01 05:55:57'),(7,'Bình Dương','bd','[\"db\", \"bduong\", \"sb\", \"binhduong\", \"binh duong\"]','nam',1,7,'2025-11-01 05:55:57','2025-11-01 05:55:57'),(8,'Bình Phước','bp','[\"bp\", \"bphuoc\", \"binhphuoc\", \"binh phuoc\"]','nam',1,8,'2025-11-01 05:55:57','2025-11-01 05:55:57'),(9,'Bình Thuận','bth','[\"bth\", \"bthuan\", \"binhthuan\", \"binh thuan\"]','nam',1,9,'2025-11-01 05:55:57','2025-11-01 05:55:57'),(10,'Cà Mau','cm','[\"cm\", \"camau\", \"ca mau\"]','nam',1,10,'2025-11-01 05:55:57','2025-11-01 05:55:57'),(11,'Cần Thơ','ct','[\"ct\", \"ctho\", \"cantho\", \"can tho\"]','nam',1,11,'2025-11-01 05:55:57','2025-11-01 05:55:57'),(12,'Đà Lạt','dl','[\"dl\", \"dlat\", \"dalat\", \"da lat\"]','nam',1,12,'2025-11-01 05:55:57','2025-11-01 05:55:57'),(13,'Đồng Nai','dn','[\"dn\", \"dnai\", \"dongnai\", \"dong nai\"]','nam',1,13,'2025-11-01 05:55:57','2025-11-01 05:55:57'),(14,'Đồng Tháp','dt','[\"dt\", \"dthap\", \"dongthap\", \"dong thap\"]','nam',1,14,'2025-11-01 05:55:57','2025-11-01 05:55:57'),(15,'Hậu Giang','hg','[\"hg\", \"hgiang\", \"haugiang\"]','nam',1,15,'2025-11-01 05:55:57','2025-11-01 05:55:57'),(16,'Kiên Giang','kg','[\"kg\", \"kgiang\", \"kiengiang\", \"kien giang\"]','nam',1,16,'2025-11-01 05:55:57','2025-11-01 05:55:57'),(17,'Long An','la','[\"la\", \"lan\", \"longan\", \"long an\"]','nam',1,17,'2025-11-01 05:55:57','2025-11-01 05:55:57'),(18,'Sóc Trăng','st','[\"st\", \"strang\", \"soctrang\", \"soc trang\"]','nam',1,18,'2025-11-01 05:55:57','2025-11-01 05:55:57'),(19,'Tây Ninh','tn','[\"tn\", \"tninh\", \"tayninh\", \"tay ninh\"]','nam',1,19,'2025-11-01 05:55:57','2025-11-01 05:55:57'),(20,'Tiền Giang','tg','[\"tg\", \"tgiang\", \"tien giang\", \"tiengiang\"]','nam',1,20,'2025-11-01 05:55:58','2025-11-01 05:55:58'),(21,'TP.HCM','tp','[\"tp\", \"hcm\"]','nam',1,21,'2025-11-01 05:55:58','2025-11-01 05:55:58'),(22,'Trà Vinh','tv','[\"tv\", \"tvinh\", \"travinh\", \"tra vinh\"]','nam',1,22,'2025-11-01 05:55:58','2025-11-01 05:55:58'),(23,'Vĩnh Long','vl','[\"vl\", \"vlong\", \"vinhlong\", \"vinh long\"]','nam',1,23,'2025-11-01 05:55:58','2025-11-01 05:55:58'),(24,'Vũng Tàu','vt','[\"vt\", \"vtau\", \"vungtau\", \"vung tau\"]','nam',1,24,'2025-11-01 05:55:58','2025-11-01 05:55:58');
/*!40000 ALTER TABLE `stations` ENABLE KEYS */;
UNLOCK TABLES;
--
-- Table structure for table `subscriptions`
--
DROP TABLE IF EXISTS `subscriptions`;
/*!40101 SET @saved_cs_client     = @@character_set_client */;
/*!50503 SET character_set_client = utf8mb4 */;
CREATE TABLE `subscriptions` (
  `id` bigint unsigned NOT NULL AUTO_INCREMENT,
  `user_id` bigint unsigned NOT NULL,
  `plan_id` bigint unsigned NOT NULL,
  `status` enum('active','expired','cancelled','pending') COLLATE utf8mb4_unicode_ci NOT NULL DEFAULT 'pending',
  `starts_at` timestamp NOT NULL,
  `expires_at` timestamp NOT NULL,
  `cancelled_at` timestamp NULL DEFAULT NULL,
  `amount_paid` decimal(10,2) NOT NULL,
  `notes` text COLLATE utf8mb4_unicode_ci,
  `created_at` timestamp NULL DEFAULT NULL,
  `updated_at` timestamp NULL DEFAULT NULL,
  PRIMARY KEY (`id`),
  KEY `subscriptions_plan_id_foreign` (`plan_id`),
  KEY `subscriptions_user_id_status_index` (`user_id`,`status`),
  KEY `subscriptions_expires_at_index` (`expires_at`),
  CONSTRAINT `subscriptions_plan_id_foreign` FOREIGN KEY (`plan_id`) REFERENCES `plans` (`id`) ON DELETE CASCADE,
  CONSTRAINT `subscriptions_user_id_foreign` FOREIGN KEY (`user_id`) REFERENCES `users` (`id`) ON DELETE CASCADE
) ENGINE=InnoDB AUTO_INCREMENT=6 DEFAULT CHARSET=utf8mb4 COLLATE=utf8mb4_unicode_ci;
/*!40101 SET character_set_client = @saved_cs_client */;
--
-- Dumping data for table `subscriptions`
--
LOCK TABLES `subscriptions` WRITE;
/*!40000 ALTER TABLE `subscriptions` DISABLE KEYS */;
INSERT INTO `subscriptions` VALUES (1,2,1,'active','2025-11-01 05:55:59','2025-12-01 05:55:59',NULL,100000.00,'Demo subscription','2025-11-01 05:55:59','2025-11-01 05:55:59'),(2,2,2,'pending','2025-11-02 16:58:47','2026-01-31 16:58:47',NULL,270000.00,'Yêu cầu từ user - chờ admin xác nhận','2025-11-02 16:58:47','2025-11-02 16:58:47'),(3,2,1,'pending','2025-11-02 17:03:06','2025-12-02 17:03:06',NULL,100000.00,'Yêu cầu từ user - chờ admin xác nhận','2025-11-02 17:03:06','2025-11-02 17:03:06'),(4,2,2,'pending','2025-11-02 17:03:10','2026-01-31 17:03:10',NULL,2499000.00,'Yêu cầu từ user - chờ admin xác nhận','2025-11-02 17:03:10','2025-11-02 17:03:10'),(5,2,3,'pending','2025-11-02 17:03:13','2026-05-01 17:03:13',NULL,5499000.00,'Yêu cầu từ user - chờ admin xác nhận','2025-11-02 17:03:13','2025-11-02 17:03:13');
/*!40000 ALTER TABLE `subscriptions` ENABLE KEYS */;
UNLOCK TABLES;
--
-- Table structure for table `users`
--
DROP TABLE IF EXISTS `users`;
/*!40101 SET @saved_cs_client     = @@character_set_client */;
/*!50503 SET character_set_client = utf8mb4 */;
CREATE TABLE `users` (
  `id` bigint unsigned NOT NULL AUTO_INCREMENT,
  `name` varchar(255) COLLATE utf8mb4_unicode_ci NOT NULL,
  `email` varchar(255) COLLATE utf8mb4_unicode_ci NOT NULL,
  `role` enum('user','admin') COLLATE utf8mb4_unicode_ci NOT NULL DEFAULT 'user',
  `is_active` tinyint(1) NOT NULL DEFAULT '1',
  `last_login_at` timestamp NULL DEFAULT NULL,
  `email_verified_at` timestamp NULL DEFAULT NULL,
  `password` varchar(255) COLLATE utf8mb4_unicode_ci NOT NULL,
  `remember_token` varchar(100) COLLATE utf8mb4_unicode_ci DEFAULT NULL,
  `created_at` timestamp NULL DEFAULT NULL,
  `updated_at` timestamp NULL DEFAULT NULL,
  PRIMARY KEY (`id`),
  UNIQUE KEY `users_email_unique` (`email`)
) ENGINE=InnoDB AUTO_INCREMENT=6 DEFAULT CHARSET=utf8mb4 COLLATE=utf8mb4_unicode_ci;
/*!40101 SET character_set_client = @saved_cs_client */;
--
-- Dumping data for table `users`
--
LOCK TABLES `users` WRITE;
/*!40000 ALTER TABLE `users` DISABLE KEYS */;
INSERT INTO `users` VALUES (1,'Admin Keki','admin@keki.com','admin',1,'2025-11-01 05:55:58',NULL,'$2y$12$6sb5wCQ07D/TdwrH2AXqeu2GD3ygkvcfNihgtLUlmA.Q0JFo7r.fm',NULL,'2025-11-01 05:55:58','2025-11-01 05:55:58'),(2,'User Demo','user@keki.com','user',1,'2025-11-03 20:20:01',NULL,'$2y$12$Y6v1XwSM.hFJzuG15riPluXTBAn6UL9zA16s8AoQPcFx1VDhwiqsy',NULL,'2025-11-01 05:55:59','2025-11-03 20:20:01'),(3,'Nguyễn Văn A','user1@keki.com','user',1,NULL,NULL,'$2y$12$dqeJqjlecNYL6Bv9gCkYPON.Rl7ywhuboHaQ0ctxGqJKnIueYccx6',NULL,'2025-11-01 05:55:59','2025-11-01 05:55:59'),(4,'Trần Thị B','user2@keki.com','user',1,NULL,NULL,'$2y$12$elgaYxQwUqXYNDqNKdCjZO1C0HnbF.5QIy9nqlhvg8WrCqleuu/n2',NULL,'2025-11-01 05:55:59','2025-11-01 05:55:59'),(5,'Lê Văn C','user3@keki.com','user',0,NULL,NULL,'$2y$12$u9LV7QzYnSXE9xYaaU1TZu9hiCboS/UYfYOw43JKJWHgVLgQgXLfm',NULL,'2025-11-01 05:55:59','2025-11-01 05:55:59');
/*!40000 ALTER TABLE `users` ENABLE KEYS */;
UNLOCK TABLES;
--
-- Dumping routines for database 'keki'
--
/*!40103 SET TIME_ZONE=@OLD_TIME_ZONE */;
/*!40101 SET SQL_MODE=@OLD_SQL_MODE */;
/*!40014 SET FOREIGN_KEY_CHECKS=@OLD_FOREIGN_KEY_CHECKS */;
/*!40014 SET UNIQUE_CHECKS=@OLD_UNIQUE_CHECKS */;
/*!40101 SET CHARACTER_SET_CLIENT=@OLD_CHARACTER_SET_CLIENT */;
/*!40101 SET CHARACTER_SET_RESULTS=@OLD_CHARACTER_SET_RESULTS */;
/*!40101 SET COLLATION_CONNECTION=@OLD_COLLATION_CONNECTION */;
/*!40111 SET SQL_NOTES=@OLD_SQL_NOTES */;
-- Dump completed on 2025-11-04 11:51:31
